<select>
    <columns>
        capuntes.empcode,  cempresa.empname,
        capuntes.dimcode2, cdimcon2.nomdim2,
        capuntes.fecha,    capuntes.asient,
        capuntes.orden,    capuntes.apteid,
        cmaprcta.mappla,   cmaprcta.caucta,  cmapdcta.daucta,
        capuntes.cuenta,   ccuentas.nombre,
        capuntes.sistem,   capuntes.origen,  capuntes.codcon,   capuntes.concep,
        capuntes.debe,     capuntes.haber,
        (capuntes.debe-capuntes.haber) AS saldo
    </columns>
    <from table="capuntes">
        <join type='left' table="cempresa">
            <on>capuntes.empcode = cempresa.empcode</on>
        </join>
        <join type='left' table="cdimcon2">
            <on>capuntes.dimcode2 = cdimcon2.coddim2</on>
        </join>
        <join type='inner' table="cmaprcta">
            <on>capuntes.placon = cmaprcta.placon</on>
            <on>capuntes.cuenta LIKE cmaprcta.cuenta</on>
            <join type='left' table="cmapdcta">
                <on>cmaprcta.mappla = cmapdcta.mappla</on>
                <on>cmaprcta.caucta = cmapdcta.caucta</on>
            </join>
        </join>
        <join type='left' table="ccuentas">
            <on>capuntes.placon = ccuentas.placon</on>
            <on>capuntes.cuenta = ccuentas.codigo</on>
        </join>
    </from>
    <where>
        $0
    </where>
</select>