<call>
    <args>
        <arg>$CABID</arg>
    </args>
<![CDATA[
<xsql-script>
    <args>
        <arg name='p_cabid' type='integer' />
    </args>
    <body>
        <select prefix='m_' required='Link no trobat. Contactar amb Aplicacions Corporatives.' >
            <columns>pathname</columns>
            <from table='mut_filelnk' />
            <where>
                tabname = 'gcomfach' AND
                cabid = <p_cabid />
            </where>
        </select>

        <set name='m_filename'>
            <string.replace><m_pathname /><string.substring><m_pathname />0<number>28</number></string.substring><string /></string.replace>
        </set>

        <if>
            <expr><not><file.exists><file name='#m_pathname' type='absolute' /></file.exists></not></expr>
            <then>
                <exception>Fitxer [<m_filename />] no trobat. Contactar amb Aplicacions Corporatives.</exception>
            </then>
        </if>

        <return name='#m_filename' type='application/pdf'>
            <file.bytes.read><file name='#m_pathname' type='absolute' /></file.bytes.read>
        </return>
    </body>
</xsql-script>
]]>
</call>
