<call>
    <args>
        <arg>$0</arg>
        <arg>$FECINI</arg>
        <arg>$FECFIN</arg>
        <arg>$DELEGA</arg>
    </args>
<![CDATA[
<xsql-script>
	<args>
		<arg name='p_sqlcond' type='string' />
		<arg name='p_fecini'  type='date' />
		<arg name='p_fecfin'  type='date' />
		<arg name='p_delega'  type='string' />
	</args>
    <body>
        <drop table='@tmp_nifs' temp='y' onexception='ignore' />
        <select intotemp='@tmp_nifs'>
            <columns>DISTINCT cif</columns>
            <from table='ctercero' />
            <where>
            	codigo <matches>'*-H'</matches> AND
                #p_sqlcond AND
                ctercero.cif NOT IN ('B66012550')
            </where>
        </select>

        <drop table='@tmp_ctercero' temp='y' onexception='ignore' />
        <select intotemp='@tmp_ctercero'>
            <columns>
                codigo, cif, nombre
            </columns>
            <from table='ctercero' />
            <where>
                cif IN (SELECT @tmp_nifs.cif FROM @tmp_nifs) AND
                codigo <matches>'*-H'</matches>
            </where>
        </select>

        <insert table='@tmp_ctercero'>
            <select>
                <columns>
                    ctercero.codigo, ctercero.cif,
                    (SELECT b.nombre FROM @tmp_ctercero b WHERE ctercero.codigo = b.cif) nombre
                </columns>
                <from table='ctercero' />
                <where>
                	cif IN (SELECT @tmp_nifs.cif FROM @tmp_nifs) AND
                	codigo NOT <matches>'*-H'</matches>
                </where>
            </select>
        </insert>

		<index name='i_@tmp_ctercero' table='@tmp_ctercero' columns='cif,codigo' />

		<drop table='@tmp_gcomfach' temp='y' onexception='ignore' />
		<select intotemp='@tmp_gcomfach'>
		    <columns>
		        ctercero.cif tercer, ctercero.nombre,
		        <month>fecha</month> nummes,
				<nvl>gcomfacl_datc.centro, gcomfach.delega</nvl> centro,
		        SUM(<nvl>gcomfacl_datc.import, gcomfacl.impnet</nvl>) impnet
		    </columns>
		    <from table='gcomfach'>
		        <join table='@tmp_ctercero' alias='ctercero'>
		            <on>gcomfach.tercer = ctercero.codigo</on>
		        </join>
		        <join table='gcomfacl'>
		        	<on>gcomfach.cabid = gcomfacl.cabid</on>
			        <join type='left' table='gcomfacl_datc'>
			        	<on>gcomfacl.linid = gcomfacl_datc.linid</on>
			        </join>
		        </join>
		    </from>
		    <where>
                gcomfach.fecha BETWEEN <p_fecini /> AND <p_fecfin />
		    </where>
		    <group>1,2,3,4</group>
		    <order>1,3,4</order>
		</select>

		<delete table='@tmp_gcomfach'>
			<where>
				NOT (centro #p_delega)
			</where>
		</delete>

		<drop table='@tmp_output' temp='y' onexception='ignore' />
		<select intotemp='@tmp_output'>
		    <columns>
		        a.tercer, a.nombre,
		        (SELECT SUM(b.impnet) FROM @tmp_gcomfach b WHERE a.tercer = b.tercer AND b.nummes = 1) ene,
				(SELECT SUM(b.impnet) FROM @tmp_gcomfach b WHERE a.tercer = b.tercer AND b.nummes = 2) feb,
				(SELECT SUM(b.impnet) FROM @tmp_gcomfach b WHERE a.tercer = b.tercer AND b.nummes = 3) mar,
				(SELECT SUM(b.impnet) FROM @tmp_gcomfach b WHERE a.tercer = b.tercer AND b.nummes = 4) abr,
				(SELECT SUM(b.impnet) FROM @tmp_gcomfach b WHERE a.tercer = b.tercer AND b.nummes = 5) may,
				(SELECT SUM(b.impnet) FROM @tmp_gcomfach b WHERE a.tercer = b.tercer AND b.nummes = 6) jun,
				(SELECT SUM(b.impnet) FROM @tmp_gcomfach b WHERE a.tercer = b.tercer AND b.nummes = 7) jul,
				(SELECT SUM(b.impnet) FROM @tmp_gcomfach b WHERE a.tercer = b.tercer AND b.nummes = 8) ago,
				(SELECT SUM(b.impnet) FROM @tmp_gcomfach b WHERE a.tercer = b.tercer AND b.nummes = 9) sep,
				(SELECT SUM(b.impnet) FROM @tmp_gcomfach b WHERE a.tercer = b.tercer AND b.nummes = 10) oct,
				(SELECT SUM(b.impnet) FROM @tmp_gcomfach b WHERE a.tercer = b.tercer AND b.nummes = 11) nov,
				(SELECT SUM(b.impnet) FROM @tmp_gcomfach b WHERE a.tercer = b.tercer AND b.nummes = 12) dic,
		        SUM(a.impnet) impnet
		    </columns>
		    <from table='@tmp_gcomfach' alias='a' />
		    <group>1,2,3,4,5,6,7,8,9,10,11,12,13,14</group>
		    <order>1</order>
		</select>
    </body>
</xsql-script>
]]>
</call>

<select>
    <columns>*</columns>
    <from table='@tmp_output' />
</select>