<call>
    <args>
        <arg>$NUMANY</arg>
        <arg>$NUMMES</arg>
    </args>
<![CDATA[
<xsql-script>
    <args>
        <arg name='p_numany' type='smallint' />
        <arg name='p_nummes' type='smallint' />
    </args>
    <body>
        <!-- ======================================================================== -->
        <!-- Controls.                                                                -->
        <!-- ======================================================================== -->
        <if>
            <expr>
                <lt><p_numany />2018</lt>
              <or />
                <ge><p_numany />2100</ge>
            </expr>
            <then>
                <exception>Any [<p_numany />] no permés.</exception>
            </then>
        </if>

        <!-- ======================================================================== -->
        <!-- Esborrem fitxers previament generats.                                    -->
        <!-- ======================================================================== -->
        <connection.begin />

        <if>
            <expr>
                <select prefix='m_'>
                    <columns>seqno</columns>
                    <from table='mut_far_dimscab' />
                    <where>
                        numany = <p_numany /> AND
                        nummes = <p_nummes />
                    </where>
                </select>
            </expr>
            <then>
                <delete table='mut_far_dimsdet'>
                    <where>
                        seqno = <m_seqno />
                    </where>
                </delete>

                <delete table='mut_far_dimscab'>
                    <where>
                        seqno = <m_seqno />
                    </where>
                </delete>
            </then>
        </if>

        <!-- ======================================================================== -->
        <!-- Escriptura de les capçaleres del fitxer.                                 -->
        <!-- ======================================================================== -->
        <set name='m_numser'>0</set>
        <if>
            <expr><ne><p_numany />2018</ne></expr>
            <then>
                <set name='m_numser'><add><mul><p_numany />100</mul><p_nummes /></add></set>
            </then>
        </if>

        <set name='m_file_name'>
            <string>DCIMS<m_numser />.csv</string>
        </set>

        <file.writer.open id='out' encoding='ISO-8859-1'>
            <file name='#m_file_name' type='temp' />
        </file.writer.open>

        <file.writer.println id='out' trim='true'>codi;descripcio;delegacio;quantitat;preu<string.cr /></file.writer.println>

        <!-- ======================================================================== -->
        <!-- Guardarem el detall en una taula temporal.                               -->
        <!-- ======================================================================== -->
        <drop table='@tmp_dcmidet' temp='y' onexception='ignore' />
        <select intotemp='@tmp_dcmidet'>
            <columns>*</columns>
            <from table='mut_far_dimsdet' />
            <where>1=0</where>
        </select>

        <!-- ======================================================================== -->
        <!-- Recorrem els consums i els escrivim en el fitxer i la taula de detall    -->
        <!-- temporal.                                                                -->
        <!-- ======================================================================== -->
        <set name='m_numlin'>0</set>

        <drop table='@tmp_artdata' temp='y' onexception='ignore' />
        <select intotemp='@tmp_artdata'>
            <columns>
                <nvl><trim>gartvarl.reffab</trim>, '-'</nvl> camp01,
                garticul.nomart camp02,
                gdelegac.nomdlg camp03,
                SUM(ROUND(canmov)) camp04,
                <trim>garticul.codigo</trim> codart,
                gartvarl.varlog
            </columns>
            <from table='geanmovh'>
                <join table='geanmovl'>
                    <on>geanmovh.cabid = geanmovl.cabid</on>
                    <join table='garticul'>
                        <on>geanmovl.codart = garticul.codigo</on>
                    </join>
                    <join type='left' table='gartprov'>
                        <on>geanmovl.codart = gartprov.codart</on>
                        <join table='gartvarl'>
                            <on>gartprov.codart = gartvarl.codart</on>
                            <on>gartprov.varlog = gartvarl.varlog</on>
                        </join>
                    </join>
                </join>
                <join type='left' table='gdelegac'>
                    <on>geanmovh.delega = gdelegac.codigo</on>
                </join>
            </from>
            <where>
                YEAR(geanmovh.fecmov)  = <p_numany /> AND
               (MONTH(geanmovh.fecmov) = <p_nummes /> OR <p_nummes /> = 0) AND
                garticul.codtip = 'FAR' AND garticul.codigo!='400535007' AND
                garticul.auxnum2 = 0 AND
                gartprov.priori = 99 AND
               (garticul.codigo NOT MATCHES 'F*' OR
                garticul.codigo MATCHES 'FDP*' OR
                garticul.codigo MATCHES 'FME*')
            </where>
            <group>1,2,3,5,6</group>
            <order>1,3</order>
        </select>

        <index name='i_@tmp_artdata' table='@tmp_artdata' columns='camp01,camp03' />

        <foreach>
            <select prefix='m_'>
                <columns>
                    DISTINCT camp01, camp03
                </columns>
                <from table='@tmp_artdata' />
                <order>1,2</order>
            </select>
            <do>
                <select first='1' prefix='m_' >
                    <columns>camp02, camp04, codart, varlog</columns>
                    <from table='@tmp_artdata' />
                    <where>
                        camp01 = <m_camp01 /> AND
                        camp03 = <m_camp03 />
                    </where>
                </select>

                <set name='m_numlin'><add><m_numlin />1</add></set>

                <select prefix='m_'>
                    <columns>ubipic</columns>
                    <from table='glog_articulo' />
                    <where>
                        codalm = '14FAR' AND
                        codart = <m_codart /> AND
                        varlog = '0'
                    </where>
                </select>

                <set name='m_camp05'>0</set>
                <if>
                    <expr><isnotnull><m_ubipic /></isnotnull></expr>
                    <then>
                        <select prefix='m_' prepare='false'>
                            <columns>max(fecval) ultval</columns>
                            <from table='galmvalo' />
                            <where>
                                codalm = '14FAR' AND
                                cuenta = 'DISP'  AND
                                codart = <m_codart /> AND
                                codubi = <m_ubipic /> AND
                                varlog = '0' AND
                                numlot = '0' AND
                                YEAR(fecval) &gt;= 2018 AND
                                YEAR(fecval) &lt;= <p_numany /> AND
                                (<p_nummes /> = 0 OR MONTH(fecval) &lt;= <p_nummes />)
                            </where>
                        </select>

                        <if>
                            <expr><isnotnull><m_ultval /></isnotnull></expr>
                            <then>
                                <select prefix='m_' prepare='false'>
                                    <columns><nvl>ROUND(coste, 3), 0</nvl> camp05</columns>
                                    <from table='galmvalo' />
                                    <where>
                                        codalm = '14FAR' AND
                                        cuenta = 'DISP'  AND
                                        codart = <m_codart /> AND
                                        codubi = <m_ubipic /> AND
                                        varlog = '0' AND
                                        numlot = '0' AND
                                        fecval = <m_ultval />
                                    </where>
                                </select>
                            </then>
                        </if>
                    </then>
                </if>

                <insert table='@tmp_dcmidet'>
                    <column name='seqno'>0</column>
                    <column name='numlin'><m_numlin /></column>
                    <column name='camp01'><m_camp01 /></column>
                    <column name='camp02'><m_camp02 /></column>
                    <column name='camp03'><m_camp03 /></column>
                    <column name='camp04'><m_camp04 /></column>
                    <column name='camp05'><m_camp05 /></column>
                    <column name='codart'><m_codart /></column>
                    <column name='varlog'><m_varlog /></column>
                </insert>

                <file.writer.println id='out' trim='true'><m_camp01 />;<m_camp02 />;<m_camp03 />;<m_camp04 />;<string.replace><m_camp05 />.<string>,</string></string.replace>;<string.cr /></file.writer.println>
            </do>
        </foreach>

        <!-- ======================================================================== -->
        <!-- Tanquem fitxer i l'enregistrem a la capçalera de missatge DCMIH.         -->
        <!-- ======================================================================== -->
        <file.writer.close id='out' />

        <insert table='mut_far_dimscab'>
            <column name='seqno'>0</column>
            <column name='numany'><p_numany /></column>
            <column name='nummes'><p_nummes /></column>
            <column name='file_name'><m_file_name /></column>
            <column name='file_type'><string>text/csv</string></column>
            <column name='file_size'><string.length><file name='#m_file_name' type='temp' /></string.length></column>
            <column name='file_data'><file name='#m_file_name' type='temp' /></column>
            <column name='user_created'><system.user.getCode /></column>
            <column name='date_created'><date.current /></column>
        </insert>

        <set name='m_seqno'><sqlca.serial /></set>

        <!-- ======================================================================== -->
        <!-- Volquem la taula temporal de detall a la taula final i retornem el       -->
        <!-- llistat resultant del procés.                                            -->
        <!-- ======================================================================== -->
        <insert table='mut_far_dimsdet'>
            <select>
                <columns>
                    <m_seqno />,
                    numlin, camp01, camp02, camp03,
                    camp04, <nvl>camp05, 0</nvl> camp05, codart, varlog
                </columns>
                <from table='@tmp_dcmidet' />
                <order>numlin</order>
            </select>
        </insert>

        <connection.commit />

        <return>
            <vtable>
                <select>
                    <columns>
                        mut_far_dimscab.file_name, mut_far_dimsdet.numlin,
                        mut_far_dimsdet.camp01, mut_far_dimsdet.camp02, mut_far_dimsdet.camp03,
                        mut_far_dimsdet.camp04, mut_far_dimsdet.camp05
                    </columns>
                    <from table='mut_far_dimscab'>
                        <join table='mut_far_dimsdet'>
                            <on>mut_far_dimscab.seqno = mut_far_dimsdet.seqno</on>
                        </join>
                    </from>
                    <where>
                        mut_far_dimscab.seqno = <m_seqno />
                    </where>
                    <order>1,2</order>
                </select>
            </vtable>
        </return>
    </body>
</xsql-script>
]]>
</call>