<call>
    <args>
        <arg>$CABID</arg>
    </args>
<![CDATA[
<xsql-script>
    <args>
        <arg name='p_cabid' type='integer' />
    </args>
    <body>
        <set name='m_cabchr'>
            <string.lpad>
                <p_cabid />7<string>0</string>
            </string.lpad>
        </set>
        <set name='m_rootpt'>
            <string><file.separator />mnt<file.separator />factures<file.separator />dirOut<file.separator /></string></set>
        <set name='m_hashpt'>
            <string><string.substring><m_cabchr />0<number>3</number></string.substring><file.separator /><string.substring><m_cabchr />3<number>5</number></string.substring><file.separator /></string>
        </set>

        <switch name='p_cabid'>
            <case value='299999'>
                <set name='m_digcon'>9</set>
            </case>
            <default>
                <set name='m_digcon'>
                    <mod>
                        <math.abs>
                            <sub>
                                <number>100</number>
                                <add>
                                    <mul>
                                        3
                                        <number>
                                            <string.substring>
                                                <m_cabchr /><number>0</number>1
                                            </string.substring>
                                        </number>
                                    </mul>
                                    <mul>
                                        1
                                        <number>
                                            <string.substring>
                                                <m_cabchr /><number>1</number>2
                                            </string.substring>
                                        </number>
                                    </mul>
                                    <mul>
                                        3
                                        <number>
                                            <string.substring>
                                                <m_cabchr /><number>2</number>3
                                            </string.substring>
                                        </number>
                                    </mul>
                                    <mul>
                                        1
                                        <number>
                                            <string.substring>
                                                <m_cabchr /><number>3</number>4
                                            </string.substring>
                                        </number>
                                    </mul>
                                    <mul>
                                        3
                                        <number>
                                            <string.substring>
                                                <m_cabchr /><number>4</number>5
                                            </string.substring>
                                        </number>
                                    </mul>
                                    <mul>
                                        1
                                        <number>
                                            <string.substring>
                                                <m_cabchr /><number>5</number>6
                                            </string.substring>
                                        </number>
                                    </mul>
                                    <mul>
                                        3
                                        <number>
                                            <string.substring>
                                                <m_cabchr /><number>6</number>7
                                            </string.substring>
                                        </number>
                                    </mul>
                                </add>
                            </sub>
                        </math.abs>
                        <number>10</number>
                    </mod>
                </set>
            </default>
        </switch>

        <set name='m_namefl'><string><m_cabchr /><m_digcon />.pdf</string></set>
        <set name='m_filept'><string><m_rootpt /><m_hashpt /><m_namefl /></string></set>

<exception><m_filept /></exception>

        <return>
            <file.bytes.read><file name='#m_filept' type='absolute' /></file.bytes.read>
        </return>
    </body>
</xsql-script>
]]>
</call>