<call>
    <args>
        <arg>$0</arg>
        <arg><expression>$FECDOC</expression></arg>
        <arg>$CERALB</arg>
    </args>
<![CDATA[
<xsql-script>
    <args>
        <arg name='p_sqlcond' type='string' />
        <arg name='p_fecdoc'  type='date' />
        <arg name='p_albara'  type='smallint' />
    </args>
    <body>
        <drop table='@tmp_outfin' temp='yes' onexception='ignore' />
        <select intotemp='@tmp_outfin'>
            <columns>
                cpar_parprel_fast.empcode, cpar_parprel_fast.codpre, cpar_parpreh.nompre,
                cpar_parprel_fast.codart,  garticul.nomart, gconcuen.ctacon,
                <cast type='decimal' size='10,2'>0</cast> imppr1,
                <nvl>SUM(ROUND(cpar_parprel_fast.rendi*cpar_parprel_fast.precio,2)), 0</nvl> imppr2,
                <cast type='decimal' size='10,2'>0</cast> impadj,
                <cast type='decimal' size='10,2'>0</cast> imprea,
                <cast type='decimal' size='10,2'>0</cast> impest
            </columns>
            <from table='cpar_parprel_fast'>
                <join table='cpar_parpreh'>
                    <on>cpar_parprel_fast.empcode = cpar_parpreh.empcode</on>
                    <on>cpar_parprel_fast.codpre  = cpar_parpreh.codpre</on>
                </join>
                <join type='left' table='garticul'>
                    <on>cpar_parprel_fast.codart = garticul.codigo</on>
                    <join table='cempresa'>
                        <on>cpar_parprel_fast.empcode = cempresa.empcode</on>
                        <join table='gconcuen'>
                            <on>garticul.tipcon = gconcuen.codigo</on>
                            <on>gconcuen.tipast = 'NOBR'</on>
                            <on>gconcuen.relaci = 'OBR'</on>
                            <on>gconcuen.placon = cempresa.placon</on>
                        </join>
                    </join>
                </join>
            </from>
            <where>
                cpar_parprel_fast.tippre = '1' AND
                cpar_parprel_fast.codexp = '2' AND
                cpar_parprel_fast.codele IS NOT NULL AND
                #p_sqlcond
            </where>
            <group>1,2,3,4,5,6,7,9,10,11</group>
        </select>

        <foreach>
            <select prefix='m_'>
                <columns>empcode, codpre, codart</columns>
                <from table='@tmp_outfin' />
            </select>
            <do>
                <select prefix='m_'>
                    <columns><nvl>SUM(ROUND(rendi*precio,2)), 0</nvl> imppr1</columns>
                    <from table='cpar_parprel_fast' />
                    <where>
                        empcode = <m_empcode /> AND
                        codpre  = <m_codpre />  AND
                        tippre  = 1   AND
                        codexp  = '1' AND
                        codele IS NOT NULL AND
                        codart  = <m_codart />
                    </where>
                </select>

                <select prefix='m_'>
                    <columns>
                        <nvl>SUM(ROUND(rendi*precio,2)), 0</nvl> impadj,
                        <nvl>SUM(ROUND(impest,2)), 0</nvl> impest
                    </columns>
                    <from table='cpar_parprel_fast' />
                    <where>
                        empcode = <m_empcode /> AND
                        codpre  = <m_codpre />  AND
                        tippre  = 3   AND
                        codele IS NOT NULL AND
                        codart  = <m_codart />
                    </where>
                </select>

                <select prefix='m_'>
                    <columns><nvl>SUM(ROUND(rendi*precio,2)), 0</nvl> imprea</columns>
                    <from table='cpar_parprel_fast' />
                    <where>
                        empcode = <m_empcode /> AND
                        codpre  = <m_codpre />  AND
                        tippre  = 4   AND
                        codele IS NOT NULL AND
                        codart  = <m_codart /> AND
                        fecdoc &lt;= <p_fecdoc /> AND
                        (<p_albara /> = 0 OR (<p_albara /> = 1 AND docdes IS NOT NULL))
                    </where>
                </select>

                <update table='@tmp_outfin'>
                    <column name='imppr1'><m_imppr1 /></column>
                    <column name='impadj'><m_impadj /></column>
                    <column name='imprea'><m_imprea /></column>
                    <column name='impest'><m_impest /></column>
                    <where>
                        empcode = <m_empcode /> AND
                        codpre  = <m_codpre />  AND
                        codart  = <m_codart />
                    </where>
                </update>
            </do>
        </foreach>
    </body>
</xsql-script>
]]>
</call>

<select>
    <columns>*</columns>
    <from table='@tmp_outfin' />
</select>