<call>
    <args>
        <arg>$ASSIGN_USER</arg>
    </args>
<![CDATA[
<xsql-script>
    <args>
        <arg name='p_assign_user' type='string' />
    </args>
    <body>
        <vtable name='v_output'>
            <column name='assign_user' type='string' />
            <column name='docser' type='string' />
            <column name='ini_number'  type='integer' />
            <column name='synant' type='timestamp' />
            <column name='synpro' type='timestamp' />
        </vtable>

        <foreach>
            <select prefix='m_'>
                <columns>
                    mut_nfc_ordetrah.assign_user, mut_nfc_ordetrah.ini_number,
                    mut_nfc_ordetrah.docser, mut_nfc_ordetrah.ini_datsyn,
                    apps_sfa_task_assign.date_of_sync
                </columns>
                <from table='apps_sfa_task_assign'>
                    <join table='mut_nfc_ordetrah'>
                        <on>apps_sfa_task_assign.assign_user = mut_nfc_ordetrah.assign_user</on>
                        <on>apps_sfa_task_assign.assign_number = mut_nfc_ordetrah.ini_number</on>
                    </join>
                </from>
                <where>
                    apps_sfa_task_assign.assign_user = <p_assign_user /> AND
                    apps_sfa_task_assign.task_code = 'COI' AND
                    apps_sfa_task_assign.assign_state = 1
                </where>
            </select>
            <do>
                <update table='apps_sfa_task_assign'>
                    <column name='assign_hide'>0</column>
                    <column name='date_to_sync'><date.current /></column>
                    <column name='date_of_sync'><null /></column>
                    <where>
                        assign_user = <p_assign_user /> AND
                        assign_type = 1 AND
                        assign_number = <m_ini_number />
                    </where>
                </update>

                <vtable.insert name='v_output'>
                    <column name='assign_user'><p_assign_user /></column>
                    <column name='docser'><m_docser /></column>
                    <column name='ini_number'><m_ini_number /></column>
                    <column name='synant'><m_date_of_sync /></column>
                    <column name='synpro'><date.current /></column>
                </vtable.insert>
            </do>
        </foreach>

        <return>
            <v_output />
        </return>
    </body>
</xsql-script>
]]>
</call>