<call>
    <args>
        <arg>$TIPEFE</arg>
        <arg>$FRMPAG</arg>
    </args>
<![CDATA[
<xsql-script name='verifica_inputs'>
    <args>
        <arg name='p_tipefe'    type='string' />
        <arg name='p_frmpag'    type='string' />
    </args>

    <body>
        <call name='mut_billing_gvenfac'>
            <p_tipefe />
            <p_frmpag />
        </call>

    </body>
</xsql-script>
]]>
</call>

<select>
    <columns>
        errno, errmsg, COUNT(*) ncount
    </columns>
    <from table='mut_billing_gvenfac' />
    <where>errno NOT IN (200,-10)</where>
    <group>errno,errmsg</group>
</select>