<call>
    <args>
        <arg>$MODFAC</arg>
        <arg><expression>$FECFAC</expression></arg>
        <arg><expression>$FECLIM</expression></arg>
        <arg>$0</arg>
    </args>
<![CDATA[
<xsql-script name='mut_gvenfach_simula_iva'>
    <args>
        <arg name='p_modfac'  type='string' />
        <arg name='p_fecfac'  type='date' />
        <arg name='p_feclim'  type='date' />
        <arg name='p_sqlcond' type='string' />
    </args>
    <body>
        <drop table='@tmp_selalb' temp='yes' onexception='ignore' />
        <union intotemp='@tmp_selalb'>
            <select>
                <columns>
                    gvenalbh.docser, gvenalbh.tipdoc,
                    gvenalbh.tercer, gvenalbh.tipdir, gvenmovd.tipfac, gvenalbh.delega, gvenalbh.depart,
                    gvenalbh.agente, gvenalbh.divisa, gvenalbh.cambio, gvenalbh.tipefe, gvenalbh.frmpag,
                    gvenalbh.dtogen, gvenalbh.dtopp,  gvenalbh.direnv, gvenalbh.cabid,  gvenalbh.terfac,
                    gvenalbh.dirfac, gvenalbh.climos, gvenalbh.nommos, gvenalbh.cif,    gvenalbh.direcc,
                    gvenalbh.codnac, gvenalbh.nomnac, gvenalbh.codpos, gvenalbh.poblac, gvenalbh.codprv,
                    gvenalbh.nomprv, gvenalbh.telef1, gvenalbh.telef2, gvenalbh.fax,    gvenalbh.email,
                    gcliente.tercom, gvenalbh.portes, gcliente.agralb, gvenalbh.bancob, gvenalbh.valor,
                    gvenalbh.terenv,
                    gvenalbh.valstk, cterdire.zonimp <alias name='zimter' />,           gvenalbl.linid,
                    gvenalbl.codart, gvenalbl.varstk, garticul.cimart,
                    NULL::CHAR(6) opeiva, NULL::CHAR(6) tipiva
                </columns>
                <from table='gvenalbh'>
                    <join table='gvenmovd'>
                        <on>gvenalbh.tipdoc = gvenmovd.codigo</on>
                        <on>(gvenmovd.tabori = 'TV' OR gvenmovd.tabori = 'gtpv_ticketh' OR gvenmovd.tabori IS NULL)</on>
                    </join>
                    <join table='gcliente'>
                        <on>gvenalbh.tercer = gcliente.codigo</on>
                        <on>gcliente.modfac = <p_modfac /></on>
                    </join>
                    <join table='cterdire'>
                        <on>gvenalbh.terenv = cterdire.codigo</on>
                        <on>gvenalbh.direnv = cterdire.tipdir</on>
                    </join>
                    <join table='gvenalbl'>
                        <on>gvenalbh.cabid = gvenalbl.cabid</on>
                    </join>
                    <join table='garticul'>
                        <on>gvenalbl.codart = garticul.codigo</on>
                    </join>
                </from>
                <where>
                    gvenalbh.estcab = 'V' AND
                    gvenalbh.fecmov &lt;= <p_fecfac /> AND
                    gvenmovd.tipfac IS NOT NULL AND
                    #p_sqlcond
                </where>
            </select>
            <select>
                <columns>
                    gvenalbh.docser, gvenalbh.tipdoc,
                    gvenalbh.tercer, gvenalbh.tipdir, gvenmovd.tipfac, gvenalbh.delega, gvenalbh.depart,
                    gvenalbh.agente, gvenalbh.divisa, gvenalbh.cambio, gvenalbh.tipefe, gvenalbh.frmpag,
                    gvenalbh.dtogen, gvenalbh.dtopp,  gvenalbh.direnv, gvenalbh.cabid,  gvenalbh.terfac,
                    gvenalbh.dirfac, gvenalbh.climos, gvenalbh.nommos, gvenalbh.cif,    gvenalbh.direcc,
                    gvenalbh.codnac, gvenalbh.nomnac, gvenalbh.codpos, gvenalbh.poblac, gvenalbh.codprv,
                    gvenalbh.nomprv, gvenalbh.telef1, gvenalbh.telef2, gvenalbh.fax,    gvenalbh.email,
                    gcliente.tercom, gvenalbh.portes, gcliente.agralb, gvenalbh.bancob, gvenalbh.valor,
                    gvenalbh.terenv,
                    gvenalbh.valstk, cterdire.zonimp <alias name='zimter' />,           gvenalbl.linid,
                    gvenalbl.codart, gvenalbl.varstk, garticul.cimart,
                    NULL::CHAR(6) opeiva, NULL::CHAR(6) tipiva
                </columns>
                <from table='gvenalbh'>
                    <join table='gvenmovd'>
                        <on>gvenalbh.tipdoc = gvenmovd.codigo</on>
                        <on>gvenmovd.tabori IN ('gmovproh','EA','PV', 'TC')</on>
                    </join>
                    <join table='gcliente'>
                        <on>gvenalbh.tercer = gcliente.codigo</on>
                        <on>gcliente.modfac = <p_modfac /></on>
                    </join>
                    <join table='cterdire'>
                        <on>gvenalbh.terenv = cterdire.codigo</on>
                        <on>gvenalbh.direnv = cterdire.tipdir</on>
                    </join>
                    <join table='gvenalbl'>
                        <on>gvenalbh.cabid = gvenalbl.cabid</on>
                        <join table='garticul'>
                            <on>gvenalbl.codart = garticul.codigo</on>
                        </join>
                    </join>
                </from>
                <where>
                    gvenalbh.estcab = 'V'              AND
                    gvenalbh.fecmov &lt;= <p_fecfac /> AND
                    <nvl>gvenalbl.linori, 0</nvl> != 0 AND
                    gvenmovd.tipfac IS NOT NULL        AND
                    EXISTS (SELECT gvenpedh.cabid
                              FROM gvenpedh, gvenpedl, gvenalbl
                             WHERE gvenalbl.cabid  = gvenalbh.cabid
                               AND gvenalbl.linori = gvenpedl.linid
                               AND gvenpedl.cabid  = gvenpedh.cabid
                               AND gvenpedh.fecfin &lt;= <p_feclim />) AND
                    #p_sqlcond
                </where>
            </select>
        </union>

        <index name='i_@tmp_selalb1' table='@tmp_selalb' columns='cabid,linid' />
        <index name='i_@tmp_selalb2' table='@tmp_selalb' columns='opeiva,tipiva' />

        <foreach>
            <select prefix='m_'>
                <columns>*</columns>
                <from table='@tmp_selalb' />
            </select>
            <do>
                <execute-procedure name='garticul_get_ivatypes'>
                    <in>
                        <string>gvenalbh</string>
                        <m_cabid />
                        <m_linid />
                        <string>C</string>
                        <m_tipdoc />
                        <m_delega />
                        <m_terenv />
                        <m_direnv />
                        <m_tercer />
                        <m_tipdir />
                        <m_zimter />
                        <m_codart />
                        <m_varstk />
                        <m_cimart />
                        <number>1</number>
                    </in>
                    <out>
                        <var name='m_opeiva' type='string' />
                        <var name='m_tipiva' type='string' />
                    </out>
                </execute-procedure>

                <execute-procedure name='mut_garticul_get_ivatypes_cov'>
                    <in>
                        <string>gvenalbh</string>
                        <m_cabid />
                        <m_linid />
                        <m_opeiva />
                        <m_tipiva />
                    </in>
                    <out>
                        <var name='m_opeiva' type='string' />
                        <var name='m_tipiva' type='string' />
                    </out>
                </execute-procedure>

                <update table='@tmp_selalb'>
                    <column name='opeiva'><m_opeiva /></column>
                    <column name='tipiva'><m_tipiva /></column>
                    <where>
                        cabid = <m_cabid /> AND
                        linid = <m_linid />
                    </where>
                </update>
            </do>
        </foreach>

        <return>
            <vtable>
                <select>
                    <columns>
                        DISTINCT tipfac, terfac, dirfac, delega, tipefe, frmpag, docser, opeiva, tipiva
                    </columns>
                    <from table='@tmp_selalb' />
                    <order>1,2,3,4,5,6,7,8,9</order>
                </select>
            </vtable>
        </return>
    </body>
</xsql-script>
]]>
</call>