<call>
    <args>
        <arg>$UNIPRO</arg>
        <arg>$NUMANY</arg>
        <arg>$NUMMES</arg>
    </args>
<![CDATA[
<xsql-script>
    <args>
        <arg name='p_unipro' type='string' />
        <arg name='p_numany' type='smallint' />
        <arg name='p_nummes' type='smallint' />
    </args>
    <body>
        <!-- ======================================================================== -->
        <!-- Controls.                                                                -->
        <!-- ======================================================================== -->
        <if>
            <expr>
                <lt><p_numany />2018</lt>
              <or />
                <ge><p_numany />2100</ge>
            </expr>
            <then>
                <exception>Any [<p_numany />] no permés.</exception>
            </then>
        </if>

        <if>
            <expr>
            	<eq><p_numany />2018</eq>
              <and />
              	<ne><p_nummes />0</ne>
            </expr>
            <then>
                <exception>Només es permet la generació anual per l'any 2018.</exception>
            </then>
        </if>

        <if>
            <expr>
            	<ne><p_numany />2018</ne>
              <and />
              	<eq><p_nummes />0</eq>
            </expr>
            <then>
                <exception>No es permet generació anual per l'any <p_numany />.</exception>
            </then>
        </if>

        <if>
        	<expr>
        		<ne><string.length><p_unipro /></string.length>5</ne>
        	</expr>
        	<then>
        		<exception>Format d'Unitat Productiva incorrecte [<p_unipro />]</exception>
       		</then>
      	</if>

        <!-- ======================================================================== -->
        <!-- Esborrem fitxers previament generats.                                    -->
        <!-- ======================================================================== -->
        <connection.begin />

        <if>
            <expr>
                <select prefix='m_'>
                    <columns>seqno</columns>
                    <from table='mut_far_dcmicab' />
                    <where>
                        numany = <p_numany /> AND
                        nummes = <p_nummes />
                    </where>
                </select>
            </expr>
            <then>
                <delete table='mut_far_dcmidet'>
                    <where>
                        seqno = <m_seqno />
                    </where>
                </delete>

                <delete table='mut_far_dcmicab'>
                    <where>
                        seqno = <m_seqno />
                    </where>
                </delete>
            </then>
        </if>

        <!-- ======================================================================== -->
        <!-- Escriptura de les capçaleres del fitxer.                                 -->
        <!-- ======================================================================== -->
		<set name='m_unipro'>
			<string.substring><p_unipro />1<number>5</number></string.substring>
		</set>

		<set name='m_numser'>0</set>
		<if>
			<expr><ne><p_numany />2018</ne></expr>
			<then>
				<set name='m_numser'><add><mul><sub><p_numany />2019</sub>12</mul><p_nummes /></add></set>
			</then>
		</if>

        <set name='m_file_name'>
            <string>Cbatch01_<m_unipro /><string.lpad><m_numser />2<string>0</string></string.lpad>.csv</string>
        </set>

        <file.writer.open id='out' encoding='ISO-8859-1'>
        	<file name='#m_file_name' type='temp' />
        </file.writer.open>

        <file.writer.println id='out' trim='true'>DCMIH;4358;43343;;;<string.cr /></file.writer.println>
        <file.writer.println id='out' trim='true'>PKOCCPARE;135517;135499;135500;135501;135514<string.cr /></file.writer.println>

        <!-- ======================================================================== -->
        <!-- Guardarem el detall en una taula temporal.                               -->
        <!-- ======================================================================== -->
        <drop table='@tmp_dcmidet' temp='y' onexception='ignore' />
        <select intotemp='@tmp_dcmidet'>
            <columns>*</columns>
            <from table='mut_far_dcmidet' />
            <where>1=0</where>
        </select>

        <!-- ======================================================================== -->
        <!-- Recorrem els consums i els escrivim en el fitxer i la taula de detall    -->
        <!-- temporal.                                                                -->
        <!-- ======================================================================== -->
        <set name='m_numlin'>0</set>

        <drop table='@tmp_artdata' temp='y' onexception='ignore' />
        <select intotemp='@tmp_artdata'>
            <columns>
                <p_numany /> || mut_far_dcmidel.unipro camp01,
                LPAD(<p_nummes />,2,'0') camp02,
                <nvl><trim>gartvarl.reffab</trim>, '-'</nvl> camp03,
                <nvl><trim>gartvarl.nomvar</trim>, garticul.nomart</nvl> camp04,
                SUM(ROUND(canmov)) camp05,
                CASE WHEN garticul.codigo NOT MATCHES 'FME*'
                     THEN 'A'
                     ELSE 'E'
                 END camp06,
                <trim>garticul.codigo</trim> codart,
                gartvarl.varlog
            </columns>
            <from table='geanmovh'>
                <join table='mut_far_dcmidel'>
                    <on>geanmovh.delega = mut_far_dcmidel.delega</on>
                </join>
                <join table='geanmovl'>
                    <on>geanmovh.cabid = geanmovl.cabid</on>
                    <join table='garticul'>
                        <on>geanmovl.codart = garticul.codigo</on>
                    </join>
                    <join type='left' table='gartprov'>
                        <on>geanmovl.codart = gartprov.codart</on>
                        <join table='gartvarl'>
                            <on>gartprov.codart = gartvarl.codart</on>
                            <on>gartprov.varlog = gartvarl.varlog</on>
                        </join>
                    </join>
                </join>
            </from>
            <where>
            	mut_far_dcmidel.unipro = <p_unipro /> AND
                YEAR(geanmovh.fecmov)  = <p_numany /> AND
               (MONTH(geanmovh.fecmov) = <p_nummes /> OR <p_nummes /> = 0) AND
                garticul.codtip = 'FAR' AND
                garticul.auxnum2 = 0 AND
                gartprov.priori = 99 AND
               (garticul.codigo NOT MATCHES 'F*' OR
                garticul.codigo MATCHES 'FDP*' OR
                garticul.codigo MATCHES 'FME*')
            </where>
            <group>1,2,3,4,6,7,8</group>
            <order>1,2,3</order>
        </select>

        <index name='i_@tmp_artdata' table='@tmp_artdata' columns='camp01,camp02,camp03' />

        <foreach>
            <select prefix='m_'>
                <columns>
                    DISTINCT camp01, camp02, camp03
                </columns>
                <from table='@tmp_artdata' />
                <order>1,2,3</order>
            </select>
            <do>
                <select first='1' prefix='m_' >
                    <columns>camp04, camp06, codart, varlog</columns>
                    <from table='@tmp_artdata' />
                    <where>
                        camp01 = <m_camp01 /> AND
                        camp02 = <m_camp02 /> AND
                        camp03 = <m_camp03 />
                    </where>
                </select>

                <select prefix='m_'>
                    <columns>SUM(camp05) camp05</columns>
                    <from table='@tmp_artdata' />
                    <where>
                        camp01 = <m_camp01 /> AND
                        camp02 = <m_camp02 /> AND
                        camp03 = <m_camp03 />
                    </where>
                </select>

                <set name='m_numlin'><add><m_numlin />1</add></set>

                <insert table='@tmp_dcmidet'>
                    <column name='seqno'>0</column>
                    <column name='numlin'><m_numlin /></column>
                    <column name='camp01'><m_camp01 /></column>
                    <column name='camp02'><m_camp02 /></column>
                    <column name='camp03'><m_camp03 /></column>
                    <column name='camp04'><m_camp04 /></column>
                    <column name='camp05'><m_camp05 /></column>
                    <column name='camp06'><m_camp06 /></column>
                    <column name='codart'><m_codart /></column>
                    <column name='varlog'><m_varlog /></column>
                </insert>

                <file.writer.println id='out' trim='true'><m_camp01 />;<m_camp02 />;<m_camp03 />;<m_camp04 />;<m_camp05 />;<m_camp06 /><string.cr /></file.writer.println>
            </do>
        </foreach>

        <!-- ======================================================================== -->
        <!-- Tanquem fitxer i l'enregistrem a la capçalera de missatge DCMIH.         -->
        <!-- ======================================================================== -->
        <file.writer.close id='out' />

        <insert table='mut_far_dcmicab'>
            <column name='seqno'>0</column>
            <column name='numany'><p_numany /></column>
            <column name='nummes'><p_nummes /></column>
            <column name='file_name'><m_file_name /></column>
            <column name='file_type'><string>text/csv</string></column>
            <column name='file_size'><string.length><file name='#m_file_name' type='temp' /></string.length></column>
            <column name='file_data'><file name='#m_file_name' type='temp' /></column>
            <column name='user_created'><system.user.getCode /></column>
            <column name='date_created'><date.current /></column>
        </insert>

        <set name='m_seqno'><sqlca.serial /></set>

        <!-- ======================================================================== -->
        <!-- Volquem la taula temporal de detall a la taula final i retornem el       -->
        <!-- llistat resultant del procés.                                            -->
        <!-- ======================================================================== -->
        <insert table='mut_far_dcmidet'>
            <select>
                <columns>
                    <m_seqno />,
                    numlin, camp01, camp02, camp03, camp04,
                    camp05, camp06, codart, varlog
                </columns>
                <from table='@tmp_dcmidet' />
                <order>numlin</order>
            </select>
        </insert>

        <connection.commit />

        <return>
            <vtable>
                <select>
                    <columns>
                        mut_far_dcmicab.file_name, mut_far_dcmidet.numlin,
                        mut_far_dcmidet.camp01, mut_far_dcmidet.camp02, mut_far_dcmidet.camp03,
                        mut_far_dcmidet.camp04, mut_far_dcmidet.camp05, mut_far_dcmidet.camp06
                    </columns>
                    <from table='mut_far_dcmicab'>
                        <join table='mut_far_dcmidet'>
                            <on>mut_far_dcmicab.seqno = mut_far_dcmidet.seqno</on>
                        </join>
                    </from>
                    <where>
                        mut_far_dcmicab.seqno = <m_seqno />
                    </where>
                    <order>1</order>
                </select>
            </vtable>
        </return>
    </body>
</xsql-script>
]]>
</call>