<call>
    <args>
        <arg>$SISTEM</arg>
        <arg>$CTAEXP</arg>
        <arg>$CCOSTE</arg>
        <arg>$FECINI</arg>
        <arg>$FECFIN</arg>
        <arg>$SECCIO</arg>
        <arg>$NULOS</arg>
        <arg>$0</arg>
    </args>
    <![CDATA[
<xsql-script>
    <args>
        <arg name='p_sistem'  type='string' />
        <arg name='p_ctaexp'  type='string' />
        <arg name='p_ccoste'  type='string' />
        <arg name='p_fecini'  type='date'   />
        <arg name='p_fecfin'  type='date'   />
        <arg name='p_seccio'  type='string' />
        <arg name='p_nulos'   type='string' />
        <arg name='p_sqlcond' type='string' />
    </args>
    <body>
        <drop table='@tmp_cimpcomp' temp='y' onexception='ignore' />

        <select intotemp='@tmp_cimpcomp'>
            <columns>
                cinmelem.empcode,
                cinmelem.ctaexp, cinmelem.seccio, cinmelem.centro[1,3] seccio1,
                cinmelem.centro, cinmcomp.codinm, cinmcomp.codele,
                cinmcomp.codcom, cinmcomp.nomcom, cinmcomp.numhis,
                cinmelem.codcta,
                cinmcomp.fecha,  cinmcomp.fecini, cinmcval.estado,
                cinmcval.porcen, cinmcval.inicom valhoy,
                cinmcval.invcom  valinv, cinmcval.rescom valres,
                cinmcval.acucom  valacu, cinmcval.netcom valnet,
                ROUND(0,3) acuprv, ROUND(0,3) netprv,
                cinmcomp.tercer, cinmcomp.notas,
                ROUND(0,3) dotamoc, ROUND(0,3) dotamon
            </columns>
            <from table='cinmcomp'>
                <join table='cinmcval'>
                    <on>cinmcomp.empcode = cinmcval.empcode</on>
                    <on>cinmcomp.codinm  = cinmcval.codinm</on>
                    <on>cinmcomp.codele  = cinmcval.codele</on>
                    <on>cinmcomp.codcom  = cinmcval.codcom</on>
                    <on>cinmcomp.numhis  = cinmcval.numhis</on>
                </join>
                <join table='cinmelem'>
                    <on>cinmcomp.empcode = cinmelem.empcode</on>
                    <on>cinmcomp.codinm  = cinmelem.codinm</on>
                    <on>cinmcomp.codele  = cinmelem.codele</on>
                </join>
            </from>
            <where>
               (cinmelem.ctaexp <matches><p_ctaexp /></matches> OR (<p_nulos /> = 'S' AND cinmelem.ctaexp      IS NULL)) AND
               (cinmelem.centro <matches><p_ccoste /></matches> OR (<p_nulos /> = 'S' AND cinmelem.centro      IS NULL)) AND
               (cinmelem.seccio          #p_seccio              OR (<p_nulos /> = 'S' AND cinmelem.seccio      IS NULL)) AND
               (cinmelem.centro[1,3]     #p_seccio              OR (<p_nulos /> = 'S' AND cinmelem.centro[1,3] IS NULL)) AND
                cinmcval.sistem = <p_sistem /> AND
                #p_sqlcond
            </where>
            <order>1,2,3,4,5,6,7,8</order>
        </select>

        <foreach>
            <select prefix='m_'>
                <columns>empcode, codinm, codele, codcom, numhis</columns>
                <from table='@tmp_cimpcomp' />
            </select>
            <do>
                <set name='m_dotamoc'>0.00</set>
                <set name='m_dotamon'>0.00</set>

                <!-- ================================================================ -->
                <!-- [X][     ][ ]                                                    -->
                <!-- ================================================================ -->
                <foreach>
                    <select prefix='cinmamor_'>
                        <columns>estado, fecini, fecfin, import</columns>
                        <from table='cinmamor' />
                        <where>
                            empcode = <m_empcode /> AND
                            codinm  = <m_codinm />  AND
                            codele  = <m_codele />  AND
                            codcom  = <m_codcom />  AND
                            numhis  = <m_numhis />  AND
                           (<p_fecini /> BETWEEN cinmamor.fecini AND cinmamor.fecfin) AND
                        NOT(<p_fecfin /> BETWEEN cinmamor.fecini AND cinmamor.fecfin) AND
                            sistem  = <p_sistem />
                        </where>
                        <order>1</order>
                    </select>
                    <do>
                        <if>
                            <expr>
                                <isnotnull><cinmamor_fecini /></isnotnull>
                            </expr>
                            <then>
                                <set name='m_diesam'><add><sub><cinmamor_fecfin /><cinmamor_fecini /></sub>1</add></set>
                                <set name='m_diespr'><add><sub><cinmamor_fecfin /><p_fecini /></sub>1</add></set>

                                <if>
                                    <expr>
                                        <eq><cinmamor_estado />C</eq>
                                    </expr>
                                    <then>
                                        <set name='m_dotamoc'><add><m_dotamoc /><math.round><div><mul><cinmamor_import /><m_diespr /></mul><m_diesam /></div>2</math.round></add></set>
                                    </then>
                                    <else>
                                        <set name='m_dotamon'><add><m_dotamon /><math.round><div><mul><cinmamor_import /><m_diespr /></mul><m_diesam /></div>2</math.round></add></set>
                                    </else>
                                </if>

                                <!-- <println>[X][     ][ ] <m_empcode /> <m_codinm /> <m_codele /> <m_codcom /> <cinmamor_estado /> <cinmamor_fecini /> <cinmamor_fecfin /> <cinmamor_import /> <m_diespr />/<m_diesam /> <div><mul><cinmamor_import /><m_diespr /></mul><m_diesam /></div></println> -->
                            </then>
                        </if>
                    </do>
                </foreach>

                <!-- ================================================================ -->
                <!-- [ ][XXXXX][ ]                                                    -->
                <!-- ================================================================ -->
                <foreach>
                    <select prefix='cinmamor_'>
                        <columns>estado, MIN(fecini) fecini, MAX(fecfin) fecfin, SUM(import) import</columns>
                        <from table='cinmamor' />
                        <where>
                            empcode = <m_empcode /> AND
                            codinm  = <m_codinm />  AND
                            codele  = <m_codele />  AND
                            codcom  = <m_codcom />  AND
                            numhis  = <m_numhis />  AND
                        NOT(<p_fecini /> BETWEEN cinmamor.fecini AND cinmamor.fecfin) AND
                        NOT(<p_fecfin /> BETWEEN cinmamor.fecini AND cinmamor.fecfin) AND
                            cinmamor.fecini &gt;= <p_fecini /> AND
                            cinmamor.fecfin &lt;= <p_fecfin /> AND
                            sistem  = <p_sistem />
                        </where>
                        <group>1</group>
                        <order>1</order>
                    </select>
                    <do>
                        <if>
                            <expr>
                                <isnotnull><cinmamor_fecini /></isnotnull>
                            </expr>
                            <then>
                                <set name='m_diesam'>
                                    <add>
                                        <sub>
                                            <cinmamor_fecfin />
                                            <cinmamor_fecini />
                                        </sub>
                                        1
                                    </add>
                                </set>
                                <set name='m_diespr'><m_diesam /></set>

                                <if>
                                    <expr>
                                        <eq><cinmamor_estado />C</eq>
                                    </expr>
                                    <then>
                                        <set name='m_dotamoc'>
                                            <add>
                                                <m_dotamoc />
                                                <math.round>
                                                    <div>
                                                        <mul>
                                                            <cinmamor_import />
                                                            <m_diespr />
                                                        </mul>
                                                        <m_diesam />
                                                    </div>
                                                    2
                                                </math.round>
                                            </add>
                                        </set>
                                    </then>
                                    <else>
                                        <set name='m_dotamon'>
                                            <add>
                                                <m_dotamon />
                                                <math.round>
                                                    <div>
                                                        <mul>
                                                            <cinmamor_import />
                                                            <m_diespr />
                                                        </mul>
                                                        <m_diesam />
                                                    </div>
                                                    2
                                                </math.round>
                                            </add>
                                        </set>
                                    </else>
                                </if>

                                <!-- <println>[ ][XXXXX][ ] <m_empcode /> <m_codinm /> <m_codele /> <m_codcom /> <cinmamor_estado /> <cinmamor_fecini /> <cinmamor_fecfin /> <cinmamor_import /> <m_diespr />/<m_diesam /> <div><mul><cinmamor_import /><m_diespr /></mul><m_diesam /></div></println> -->
                            </then>
                        </if>
                    </do>
                </foreach>

                <!-- ================================================================ -->
                <!-- [ ][     ][X]                                                    -->
                <!-- ================================================================ -->
                <foreach>
                    <select prefix='cinmamor_'>
                        <columns>estado, fecini, fecfin, import</columns>
                        <from table='cinmamor' />
                        <where>
                            empcode = <m_empcode /> AND
                            codinm  = <m_codinm />  AND
                            codele  = <m_codele />  AND
                            codcom  = <m_codcom />  AND
                            numhis  = <m_numhis />  AND
                        NOT(<p_fecini /> BETWEEN cinmamor.fecini AND cinmamor.fecfin) AND
                           (<p_fecfin /> BETWEEN cinmamor.fecini AND cinmamor.fecfin) AND
                            sistem  = <p_sistem />
                        </where>
                        <order>1</order>
                    </select>
                    <do>
                        <if>
                            <expr>
                                <isnotnull><cinmamor_fecini /></isnotnull>
                            </expr>
                            <then>
                                <set name='m_diesam'>
                                    <add>
                                        <sub>
                                            <cinmamor_fecfin />
                                            <cinmamor_fecini />
                                        </sub>
                                        1
                                    </add>
                                </set>
                                <set name='m_diespr'>
                                    <add>
                                        <sub>
                                            <p_fecfin />
                                            <cinmamor_fecini />
                                        </sub>
                                        1
                                    </add>
                                </set>

                                <if>
                                    <expr>
                                        <eq><cinmamor_estado />C</eq>
                                    </expr>
                                    <then>
                                        <set name='m_dotamoc'>
                                            <add>
                                                <m_dotamoc />
                                                <math.round>
                                                    <div>
                                                        <mul>
                                                            <cinmamor_import />
                                                            <m_diespr />
                                                        </mul>
                                                        <m_diesam />
                                                    </div>
                                                    2
                                                </math.round>
                                            </add>
                                        </set>
                                    </then>
                                    <else>
                                        <set name='m_dotamon'>
                                            <add>
                                                <m_dotamon />
                                                <math.round>
                                                    <div>
                                                        <mul>
                                                            <cinmamor_import />
                                                            <m_diespr />
                                                        </mul>
                                                        <m_diesam />
                                                    </div>
                                                    2
                                                </math.round>
                                            </add>
                                        </set>
                                    </else>
                                </if>

                                <!-- <println>[ ][     ][X] <m_empcode /> <m_codinm /> <m_codele /> <m_codcom /> <cinmamor_estado /> <cinmamor_fecini /> <cinmamor_fecfin /> <cinmamor_import /> <m_diespr />/<m_diesam /> <div><mul><cinmamor_import /><m_diespr /></mul><m_diesam /></div></println> -->
                            </then>
                        </if>
                    </do>
                </foreach>

                <!-- ================================================================ -->
                <!-- [XXXXXXXXXXX]                                                    -->
                <!-- ================================================================ -->
                <foreach>
                    <select prefix='cinmamor_'>
                        <columns>estado, MIN(fecini) fecini, MAX(fecfin) fecfin, SUM(import) import</columns>
                        <from table='cinmamor' />
                        <where>
                            empcode = <m_empcode /> AND
                            codinm  = <m_codinm />  AND
                            codele  = <m_codele />  AND
                            codcom  = <m_codcom />  AND
                            numhis  = <m_numhis />  AND
                           (<p_fecini /> BETWEEN cinmamor.fecini AND cinmamor.fecfin) AND
                           (<p_fecfin /> BETWEEN cinmamor.fecini AND cinmamor.fecfin) AND
                            sistem  = <p_sistem />
                        </where>
                        <group>1</group>
                        <order>1</order>
                    </select>
                    <do>
                        <if>
                            <expr>
                                <isnotnull><cinmamor_fecini /></isnotnull>
                            </expr>
                            <then>
                                <set name='m_diesam'><add><sub><cinmamor_fecfin /><cinmamor_fecini /></sub>1</add></set>
                                <set name='m_diespr'><add><sub><p_fecfin /><p_fecini /></sub>1</add></set>

                                <if>
                                    <expr>
                                        <eq><cinmamor_estado />C</eq>
                                    </expr>
                                    <then>
                                        <set name='m_dotamoc'>
                                            <add>
                                                <m_dotamoc />
                                                <math.round>
                                                    <div>
                                                        <mul>
                                                            <cinmamor_import />
                                                            <m_diespr />
                                                        </mul>
                                                        <m_diesam />
                                                    </div>
                                                    2
                                                </math.round>
                                            </add>
                                        </set>
                                    </then>
                                    <else>
                                        <set name='m_dotamon'><add><m_dotamon /><math.round><div><mul><cinmamor_import /><m_diespr /></mul><m_diesam /></div>2</math.round></add></set>
                                    </else>
                                </if>

                                <!-- <println>[XXXXXXXXXXX] <m_empcode /> <m_codinm /> <m_codele /> <m_codcom /> <cinmamor_estado /> <cinmamor_fecini /> <cinmamor_fecfin /> <cinmamor_import /> <m_diespr />/<m_diesam /> <div><mul><cinmamor_import /><m_diespr /></mul><m_diesam /></div></println> -->
                            </then>
                        </if>
                    </do>
                </foreach>

                <!-- <println><m_dotamoc /> <m_dotamon /></println> -->

                <update table='@tmp_cimpcomp'>
                    <column name='acuprv' text='true'>valacu + <math.round><m_dotamon />3</math.round></column>
                    <column name='netprv' text='true'>valnet - <math.round><m_dotamon />3</math.round></column>
                    <column name='dotamoc'><math.round><m_dotamoc />3</math.round></column>
                    <column name='dotamon'><math.round><m_dotamon />3</math.round></column>
                    <where>
                        empcode = <m_empcode /> AND
                        codinm  = <m_codinm />  AND
                        codele  = <m_codele />  AND
                        codcom  = <m_codcom />  AND
                        numhis  = <m_numhis />
                    </where>
                </update>
            </do>
        </foreach>
    </body>
</xsql-script>
]]>
</call>

<select>
    <columns>*</columns>
    <from table='@tmp_cimpcomp' />
</select>