<!-- ======================================================================= -->
<!--                                                                         -->
<!--  TRIGGER: TRIGGER_CODE                                                  -->
<!--                                                                         -->
<!--                                                                         -->
<!--                                                                         -->
<!--  CONTROLS                                                               -->
<!--  ===============                                                        -->
<!--                                                                         -->
<!--                                                                         -->
<!--                                                                         -->
<!--  ACTIONS                                                                -->
<!--  ===============                                                        -->
<!--                                                                         -->
<!--                                                                         -->
<!-- ======================================================================= -->
<xsql-trigger 
    name="erp_md_user_upd_before" 
    table="erp_md_user" 
    event="update"
	time="before">
    
    <foreach-row>
		<if-condition value="engine != 'informix'">

			<!-- Synchronize with other apps -->
			<when>
				<expr>
					<old>app_date_sync</old> = <new>app_date_sync</new>
				</expr>
				<then>
					<execute-function name='sdm_set_value' into='NEW.app_date_sync'>
						<arg><cast type='char'>NULL</cast></arg>
					</execute-function>
				</then>
			</when>
		</if-condition>

		<if-condition value="engine == 'informix'">
            <when>
                <expr>1=0</expr>
                <then>
                    <execute-procedure name='sdm_raise_msg'>
                        <in>
                            <arg>0</arg>
                            <arg>'Trigger emty for INFORMIX'</arg>
                        </in>
                    </execute-procedure>
                </then>
            </when>
        </if-condition>
        
    </foreach-row>
        
</xsql-trigger>