<!-- ======================================================================= -->
<!--                                                                         -->
<!--  TRIGGER: erp_sl_order_line_ins_before                                           -->
<!--                                                                         -->
<!--                                                                         -->
<!--  ACTIONS                                                                -->
<!--  ===============                                                        -->
<!--  Updates total document amounts                                         -->
<!--                                                                         -->
<!-- ======================================================================= -->

<xsql-trigger 
    name="erp_sl_order_line_ins_before" 
    table="erp_sl_order_line" 
    event="insert"
    time='before'>
    
    <foreach-row>

        <if-condition value="engine != 'informix'">
            <!-- ============================================================================= -->
            <!-- Calculamos los impuestos de la linea y traemos los totales  			       -->
            <!-- ============================================================================= -->
            <execute-procedure name='sale_order_line_get_tax_rule'>
                <in>
                    <arg><new>id</new></arg>
                </in>
                <out>
                    <var name='NEW.price_subtotal' />
                    <var name='NEW.price_total' />
                </out>
            </execute-procedure>
            <!-- ============================================================================= -->
            <!--  Obtains shipping method based on type of detail according to template	       -->
            <!-- ============================================================================= -->
            <execute-function name='get_delivered_method' into='NEW.qty_delivered_method'>
                <arg><new>product_id</new></arg>
            </execute-function>

        </if-condition>

        <if-condition value="engine =='informix'">
            <when>
                <expr>1=0</expr>
                <then>
                    <execute-procedure name='sdm_raise_msg'>
                        <in>
                            <arg>0</arg>
                            <arg>'Trigger emty for INFORMIX'</arg>
                        </in>
                    </execute-procedure>
                </then>
            </when>
        </if-condition>
        
    </foreach-row>
        
</xsql-trigger>