<!-- ======================================================================= -->
<!--                                                                         -->
<!--  TRIGGER: erp_pu_request_tax_upd_before                                 -->
<!--                                                                         -->
<!--                                                                         -->
<!--  ACTIONS                                                                -->
<!--  ===============                                                        -->
<!--                                                                         -->
<!-- ======================================================================= -->

<xsql-trigger 
    name="erp_pu_request_tax_upd_before" 
    table="erp_pu_request_tax" 
    event="update"
    time="before">
    
    <foreach-row>

        <if-condition value="engine != 'informix'">
            <when>
                <expr>
                    <old>tax_manual</old> = <new>tax_manual</new> AND
                    (<new>tax_base_amount</new> != <old>tax_base_amount</old> OR 
                    <new>tax_id</new>          != <old>tax_id</old>)
                </expr>
                <then>
                    <execute-function name='calculate_tax_amount' into='NEW.tax_amount'>
                        <arg><new>tax_id</new></arg>
                        <arg><new>tax_base_amount</new></arg>
                    </execute-function>
                </then>
            </when>

        </if-condition>

        <if-condition value="engine == 'informix'">
            <when>
                <expr>1=0</expr>
                <then>
                    <execute-procedure name='sdm_raise_msg'>
                        <in>
                            <arg>0</arg>
                            <arg>'Trigger emty for POSTGRES'</arg>
                        </in>
                    </execute-procedure>
                </then>
            </when>
        </if-condition>

    </foreach-row>
        
</xsql-trigger>