<!-- ======================================================================= -->
<!--                                                                         -->
<!--  TRIGGER: erp_sl_order_line_del_before                                  -->
<!--                                                                         -->
<!--                                                                         -->
<!--  ACTIONS                                                                -->
<!--  ===============                                                        -->
<!--  1.- Maintains total amounts for document                               -->
<!--                                                                         -->
<!-- ======================================================================= -->
<xsql-trigger 
    name="erp_sl_order_line_del_before" 
    table="erp_sl_order_line" 
    event="delete"
    time="before">
    
    <foreach-row>
        <if-condition value="engine != 'informix'">
            
            <!-- ============================================================================= -->
            <!--  Para eliminar la linea primero debemos eliminar los impuestos de la linea	   -->
            <!-- ============================================================================= -->
            <update table='erp_sl_order_line_tax'>
                <column name='tax_manual'>0</column>
                <where>
                    line_id = <old>id</old>
                </where>
            </update>
            
            <delete table='erp_sl_order_line_tax'>
                <where>
                    line_id = <old>id</old>
                </where>
            </delete>

        </if-condition>

        <if-condition value="engine == 'informix'">
			<when>
				<expr>1=0</expr>
				<then>
					<execute-procedure name='sdm_raise_msg'>
						<in>
							<arg>0</arg>
							<arg>'Trigger empty for non INFORMIX'</arg>
						</in>
					</execute-procedure>
				</then>
			</when>
		</if-condition>

    </foreach-row>
        
</xsql-trigger>