<xsql-script name='bi_fin_pmpdata_export_pdi'>
    <args>
    	<arg name='p_empcode' type='string' />
    </args>
    <body>
        <set name='m_pathname'><string><file.separator />mnt<file.separator />deister_dwh<file.separator />fin<file.separator /></string></set>
        <set name='m_timestamp'><date.format format='ddMMyy_HHmmss'><date.current /></date.format></set>
        <set name='m_filetemp'><string><m_pathname />bi_fin_pmpdata_<p_empcode />_<m_timestamp />.work</string></set>
        <set name='m_filename'><string><m_pathname />bi_fin_pmpdata_<p_empcode />_<m_timestamp />.pdi</string></set>

        <drop table='@tmp_output' temp='y' onexception='ignore' />
        <call name='mut_pmp_pro_dwh'>
            <sub><date.today />365</sub>
            <date.today />
            <string>MATCHES '*'</string>
            <string>MATCHES '*'</string>
            <string>S</string>
            <string>S</string>
            <string>S</string>
            <string>S</string>
            <string>S</string>
            <string>BETWEEN -99999999999999 AND 9999999999999999</string>
            <string>MATCHES '<p_empcode />'</string>
            <string>MATCHES '*'</string>
            <string>MATCHES '*'</string>
            <string>MATCHES '*'</string>
            <string>&gt; 0</string>
            <string>1=1</string>
        </call>

        <drop table='@tmp_bi_fin_pmpdata' temp='y' onexception='ignore' />
        <select intotemp='@tmp_bi_fin_pmpdata'>
            <columns>
                empcode, codcla,  tippro, terhol, cif,
                tercer,  placon,  cuenta, nombre, numfac,
                basimp,  nombre1, saldo,  per_mig_cob,
                tippag,  cter,    fecpos, fec_ini_fac,
                fec_fin
            </columns>
            <from table='@tmp_output' />
            <order>1,2,3,5,12,6,7</order>
        </select>

        <file.writer.open id='fid1'><file name='#m_filetemp' type='absolute' /></file.writer.open>

        <table.unload table='@tmp_bi_fin_pmpdata' date-format='dd-MM-yyyy'>
            <file name='#m_filetemp' type='absolute' />
        </table.unload>

        <file.writer.flush id='fid1' />

        <file.copy>
            <file name='#m_filetemp' type='absolute' />
            <file name='#m_filename' type='absolute' />
        </file.copy>
        <file.delete><file name='#m_filetemp' type='absolute' /></file.delete>
    </body>
</xsql-script>