<xsql-script name='bi_fin_sitinve_export_pdi'>
    <body>
        <set name='o_anyini'>2017</set>
        <set name='o_anyfin'><date.year><date.today /></date.year></set>
        <set name='o_pathname'><string><file.separator />mnt<file.separator />deister_dwh<file.separator />fin<file.separator /></string></set>
        <set name='o_timestamp'><date.format format='ddMMyy_HHmmss'><date.current /></date.format></set>
        <set name='o_filetemp'><string><o_pathname />bi_fin_sitinve_<o_timestamp />.work</string></set>
        <set name='o_filename'><string><o_pathname />bi_fin_sitinve_<o_timestamp />.pdi</string></set>

        <drop table='@tmp_unload' temp='y' onexception='ignore' />
        <table name='@tmp_unload' temp='yes'>
            <column name='numany'  type='smallint' />
            <column name='empcode' type='char'    size='4'  />
            <column name='codpre'  type='char'    size='10' />
            <column name='nompre'  type='varchar' size='60' />
            <column name='codpar'  type='char'    size='20' />
            <column name='nompar'  type='varchar' size='80' />
            <column name='tippar'  type='char'    size='1'  />
            <column name='impprp'  type='decimal' size='16,2' />
            <column name='imppe1'  type='decimal' size='16,2' />
            <column name='impnoc'  type='decimal' size='16,2' />
            <column name='imppe2'  type='decimal' size='16,2' />
            <column name='impal1'  type='decimal' size='16,2' />
            <column name='impnos'  type='decimal' size='16,2' />
            <column name='impal2'  type='decimal' size='16,2' />
            <column name='impfa1'  type='decimal' size='16,2' />
            <column name='impnof'  type='decimal' size='16,2' />
            <column name='impfa2'  type='decimal' size='16,2' />
            <column name='imppag'  type='decimal' size='16,2' />
            <column name='impfan'  type='decimal' size='16,2' />
        </table>

        <for name='m_numany' start='#o_anyini' end='#o_anyfin'>
            <do>
                <set name='o_prefix'><string><mod><m_numany />2000</mod></string></set>

                <foreach>
                    <select prefix='m_'>
                        <columns>DISTINCT empcode</columns>
                        <from table='cpar_parpreh' />
                        <order>1</order>
                    </select>
                    <do>
                        <drop table='@tmp_partid' temp='y' onexception='ignore' />
                        <select intotemp='@tmp_partid'>
                            <columns>
                                cpar_parpreh.empcode, cpar_parpreh.codpre, cpar_parpreh.nompre,
                                cpar_parprel.codpar,  cpar_parprel.nompar
                            </columns>
                            <from table='cpar_parpreh'>
                                <join table='cpar_parprel'>
                                    <on>cpar_parpreh.empcode = cpar_parprel.empcode</on>
                                    <on>cpar_parpreh.codpre  = cpar_parprel.codpre</on>
                                </join>
                            </from>
                            <where>
                                cpar_parpreh.empcode = <m_empcode /> AND
                                cpar_parpreh.codpre <matches>'#o_prefix*'</matches> AND
                                cpar_parpreh.estado != 'E'
                            </where>
                            <order>1,2,4</order>
                        </select>

                        <index name='i_@tmp_partid1' table='@tmp_partid' columns='empcode,codpre,codpar' />

                        <insert table='@tmp_unload'>
                            <column name='numany'><m_numany /></column>
                            <column name='empcode'><m_empcode /></column>
                            <column name='codpre'><string>-</string></column>
                            <column name='codpar'><string>-</string></column>
                            <column name='tippar'>T</column>
                            <column name='impprp'>0.00</column>
                            <column name='imppe1'>0.00</column>
                            <column name='impnoc'>0.00</column>
                            <column name='imppe2'>0.00</column>
                            <column name='impal1'>0.00</column>
                            <column name='impnos'>0.00</column>
                            <column name='impal2'>0.00</column>
                            <column name='impfa1'>0.00</column>
                            <column name='impnof'>0.00</column>
                            <column name='impfa2'>0.00</column>
                            <column name='imppag'>0.00</column>
                            <column name='impfan'>0.00</column>
                        </insert>

                        <set name='o_totprp'>0.00</set>
                        <set name='o_totpe1'>0.00</set>
                        <set name='o_totnoc'>0.00</set>
                        <set name='o_totpe2'>0.00</set>
                        <set name='o_total1'>0.00</set>
                        <set name='o_totnos'>0.00</set>
                        <set name='o_total2'>0.00</set>
                        <set name='o_totfa1'>0.00</set>
                        <set name='o_totnof'>0.00</set>
                        <set name='o_totfa2'>0.00</set>
                        <set name='o_totpag'>0.00</set>
                        <set name='o_totfan'>0.00</set>

                        <foreach>
                            <select prefix='m_'>
                                <columns>*</columns>
                                <from table='@tmp_partid' />
                                <order>1,2,4</order>
                            </select>
                            <do>
                                <null name='m_impprp' />
                                <null name='m_imppe1' />
                                <null name='m_impnoc' />
                                <null name='m_imppe2' />
                                <null name='m_impal1' />
                                <null name='m_impnos' />
                                <null name='m_impal2' />
                                <null name='m_impfa1' />
                                <null name='m_impnof' />
                                <null name='m_impfa2' />
                                <null name='m_imppag' />
                                <null name='m_impfan' />

                                <if>
                                    <expr>
                                        <gt>
                                            <select prepare='false'>
                                                <columns>COUNT(*)</columns>
                                                <from table='@tmp_partid' />
                                                <where>
                                                    empcode = <m_empcode /> AND
                                                    codpre  = <m_codpre />  AND
                                                    codpar <matches>'#m_codpar*'</matches>
                                                </where>
                                            </select>
                                            <number>1</number>
                                        </gt>
                                    </expr>
                                    <then>
                                        <set name='m_tippar'>D</set>
                                        <insert table='@tmp_unload' prefix='m_' />

                                        <foreach.continue />
                                    </then>
                                </if>

                                <if>
                                    <expr>
                                        <select prepare='false'>
                                            <columns>COUNT(*)</columns>
                                            <from table='@tmp_partid' />
                                            <where>
                                                empcode = <m_empcode /> AND
                                                codpre  = <m_codpre />  AND
                                                codpar != <m_codpar />  AND
                                                <m_codpar /> MATCHES TRIM(codpar) || '*'
                                            </where>
                                        </select>
                                    </expr>
                                    <then>
                                        <set name='m_tippar'>I</set>
                                    </then>
                                    <else>
                                        <set name='m_tippar'>U</set>
                                    </else>
                                </if>

                                <select prefix='m_' prepare='false'>
                                    <columns><nvl>SUM(gasprei), 0</nvl> impprp</columns>
                                    <from table='cpar_prehist' />
                                    <where>
                                        empcode = <m_empcode /> AND
                                        codpre  = <m_codpre />  AND
                                        codpar  = <m_codpar />
                                    </where>
                                </select>

                                <select prefix='m_' prepare='false'>
                                    <columns>
                                        ROUND(SUM(garticul_get_basesimp_mps('gcompedh','C',
                                                    gcompedh.divisa, gcompedh.delega, gcompedh.tercer,
                                                    gcompedh.tipdir, gcompedl.codart, gcompedl.varlog,
                                                    gcompedl_datc.import, gcompedh.fecha, 'TTT',
                                                    gcompedh.cabid, gcompedl.linid)),2) imppe1
                                    </columns>
                                    <from table='gcompedh'>
                                        <join table='gcompedl'>
                                            <on>gcompedh.cabid = gcompedl.cabid</on>
                                            <join table='gcompedl_datc'>
                                                <on>gcompedl.linid = gcompedl_datc.linid</on>
                                            </join>
                                        </join>
                                    </from>
                                    <where>
                                        gcompedh.empcode     = <m_empcode /> AND
                                        gcompedl_datc.codpre = <m_codpre />  AND
                                        gcompedl_datc.codpar = <m_codpar />
                                    </where>
                                </select>

                                <set name='m_imppe2'><m_imppe1 /></set>

                                <select prefix='m_' prepare='false'>
                                    <columns>
                                        ROUND(SUM(garticul_get_basesimp_mps('gcomalbh','C',
                                                    gcommovh.divisa, gcommovh.delega, gcommovh.tercer,
                                                    gcommovh.tipdir, gcommovl.codart, gcommovl.varlog,
                                                    gcommovl_datc.import, gcommovh.fecmov, 'TTT',
                                                    gcommovh.cabid, gcommovl.linid)),2) impal1
                                    </columns>
                                    <from table='gcommovl_datc'>
                                        <join table='gcommovl'>
                                            <on>gcommovl_datc.linid = gcommovl.linid</on>
                                            <join table='gcommovh'>
                                                <on>gcommovl.cabid = gcommovh.cabid</on>
                                            </join>
                                        </join>
                                    </from>
                                    <where>
                                        gcommovl_datc.codpre = <m_codpre />  AND
                                        gcommovl_datc.codpar = <m_codpar />  AND
                                        gcommovh.empcode     = <m_empcode /> <!-- AND
                                        YEAR(gcommovh.fecmov) = <m_numany /> -->
                                    </where>
                                </select>

                                <set name='m_impal2'><m_impal1 /></set>

                                <select prefix='m_' prepare='false'>
                                    <columns>ROUND(SUM(garticul_get_basesimp_mps('gcomfach','C',
                                                            gcomfach.divisa, gcomfach.delega, gcomfach.terfac,
                                                            gcomfach.dirfac, gcomfacl.codart, gcomfacl.varlog,
                                                            gcomfacl_datc.import, gcomfach.fecha, 'TTT',
                                                            gcomfach.cabid, gcomfacl.linid)),2) impfa1
                                    </columns>
                                    <from table='gcomfacl_datc'>
                                        <join table='gcomfacl'>
                                            <on>gcomfacl_datc.linid = gcomfacl.linid</on>
                                            <join table='gcomfach'>
                                                <on>gcomfacl.cabid = gcomfach.cabid</on>
                                            </join>
                                        </join>
                                    </from>
                                    <where>
                                        gcomfacl_datc.codpre = <m_codpre />  AND
                                        gcomfacl_datc.codpar = <m_codpar />  AND
                                        gcomfach.empcode     = <m_empcode /> <!-- AND
                                        YEAR(gcomfach.fecha) = <m_numany /> -->
                                    </where>
                                </select>

                                <set name='m_impfa2'><m_impfa1 /></set>

                                <set name='m_imppag'>0</set>

                                <foreach>
                                    <select prefix='n_' prepare='false'>
                                        <columns>DISTINCT cefectos.numero</columns>
                                        <from table='gcomfach'>
                                            <join table='gcomfacl'>
                                                <on>gcomfach.cabid = gcomfacl.cabid</on>
                                                <join table='gcomfacl_datc'>
                                                    <on>gcomfacl.linid = gcomfacl_datc.linid</on>
                                                </join>
                                            </join>
                                            <join table='capuntes'>
                                                <on>capuntes.loteid IN (SELECT cenllote.loteid FROM cenllote, cenlsubs WHERE cenllote.loteid = cenlsubs.loteid AND cenllote.tabname = 'gcomfach' AND cenllote.modcon = 1 AND cenlsubs.procid = gcomfach.cabid)</on>
                                                <join table='cefectos'>
                                                    <on>capuntes.apteid = cefectos.apteid</on>
                                                </join>
                                            </join>
                                        </from>
                                        <where>
                                            gcomfach.empcode     = <m_empcode /> AND
                                            gcomfacl_datc.codpre = <m_codpre />  AND
                                            gcomfacl_datc.codpar = <m_codpar />  AND
                                            cefectos.estado      IN ('PA','CO')
                                        </where>
                                    </select>
                                    <do>
                                        <select first='1' prefix='n_'>
                                            <columns><nvl>import,0</nvl> import</columns>
                                            <from table='cefectos' />
                                            <where>
                                                numero = <n_numero />
                                            </where>
                                        </select>

                                        <set name='m_imppag'><add><m_imppag /><n_import /></add></set>
                                    </do>
                                </foreach>

                                <if>
                                    <expr><eq><m_imppag />0</eq></expr>
                                    <then>
                                        <null name='m_imppag' />
                                    </then>
                                </if>

                                <set name='m_impnoc'>
                                    <sub>
                                        <ifnull>
                                            <m_impprp />0
                                        </ifnull>
                                        <ifnull>
                                            <m_imppe1 />0
                                        </ifnull>
                                    </sub>
                                </set>
                                
                                <set name='m_impnos'><sub><ifnull><m_imppe2 />0</ifnull><ifnull><m_impal1 />0</ifnull></sub></set>
                                <set name='m_impnof'><sub><ifnull><m_impal2 />0</ifnull><ifnull><m_impfa1 />0</ifnull></sub></set>
                                <set name='m_impfan'><sub><ifnull><m_impfa2 />0</ifnull><ifnull><m_imppag />0</ifnull></sub></set>

                                <if><expr><eq><m_impprp />0</eq></expr><then><null name='m_impprp' /></then></if>
                                <if><expr><eq><m_imppe1 />0</eq></expr><then><null name='m_imppe1' /></then></if>
                                <if><expr><eq><m_impnoc />0</eq></expr><then><null name='m_impnoc' /></then></if>
                                <if><expr><eq><m_imppe2 />0</eq></expr><then><null name='m_imppe2' /></then></if>
                                <if><expr><eq><m_impal1 />0</eq></expr><then><null name='m_impal1' /></then></if>
                                <if><expr><eq><m_impnos />0</eq></expr><then><null name='m_impnos' /></then></if>
                                <if><expr><eq><m_impal2 />0</eq></expr><then><null name='m_impal2' /></then></if>
                                <if><expr><eq><m_impfa1 />0</eq></expr><then><null name='m_impfa1' /></then></if>
                                <if><expr><eq><m_impnof />0</eq></expr><then><null name='m_impnof' /></then></if>
                                <if><expr><eq><m_impfa2 />0</eq></expr><then><null name='m_impfa2' /></then></if>
                                <if><expr><eq><m_imppag />0</eq></expr><then><null name='m_imppag' /></then></if>
                                <if><expr><eq><m_impfan />0</eq></expr><then><null name='m_impfan' /></then></if>

                                <insert table='@tmp_unload' prefix='m_' />
                            </do>
                        </foreach>

                        <foreach>
                            <select prefix='m_'>
                                <columns>
                                    empcode, codpre, codpar
                                </columns>
                                <from table='@tmp_unload' />
                                <where>
                                    numany  = <m_numany />  AND
                                    empcode = <m_empcode /> AND
                                    tippar  = 'D'
                                </where>
                            </select>
                            <do>
                                <select prefix='m_' prepare='false'>
                                    <columns>
                                        SUM(<nvl>impprp,0</nvl>) impprp, SUM(<nvl>imppe1,0</nvl>) imppe1, SUM(<nvl>impnoc,0</nvl>) impnoc,
                                        SUM(<nvl>imppe2,0</nvl>) imppe2, SUM(<nvl>impal1,0</nvl>) impal1, SUM(<nvl>impnos,0</nvl>) impnos,
                                        SUM(<nvl>impal2,0</nvl>) impal2, SUM(<nvl>impfa1,0</nvl>) impfa1, SUM(<nvl>impnof,0</nvl>) impnof,
                                        SUM(<nvl>impfa2,0</nvl>) impfa2, SUM(<nvl>imppag,0</nvl>) imppag, SUM(<nvl>impfan,0</nvl>) impfan
                                    </columns>
                                    <from table='@tmp_unload' />
                                    <where>
                                        numany  = <m_numany />  AND
                                        empcode = <m_empcode /> AND
                                        codpre  = <m_codpre />  AND
                                        codpar  <matches>'#m_codpar*'</matches> AND
                                        tippar  = 'I'
                                    </where>
                                </select>

                                <set name='o_totprp'><add><o_totprp /><ifnull><m_impprp />0</ifnull></add></set>
                                <set name='o_totpe1'><add><o_totpe1 /><ifnull><m_imppe1 />0</ifnull></add></set>
                                <set name='o_totnoc'><add><o_totnoc /><ifnull><m_impnoc />0</ifnull></add></set>
                                <set name='o_totpe2'><add><o_totpe2 /><ifnull><m_imppe2 />0</ifnull></add></set>
                                <set name='o_total1'><add><o_total1 /><ifnull><m_impal1 />0</ifnull></add></set>
                                <set name='o_totnos'><add><o_totnos /><ifnull><m_impnos />0</ifnull></add></set>
                                <set name='o_total2'><add><o_total2 /><ifnull><m_impal2 />0</ifnull></add></set>
                                <set name='o_totfa1'><add><o_totfa1 /><ifnull><m_impfa1 />0</ifnull></add></set>
                                <set name='o_totnof'><add><o_totnof /><ifnull><m_impnof />0</ifnull></add></set>
                                <set name='o_totfa2'><add><o_totfa2 /><ifnull><m_impfa2 />0</ifnull></add></set>
                                <set name='o_totpag'><add><o_totpag /><ifnull><m_imppag />0</ifnull></add></set>
                                <set name='o_totfan'><add><o_totfan /><ifnull><m_impfan />0</ifnull></add></set>

                                <if><expr><eq><m_impprp />0</eq></expr><then><null name='m_impprp' /></then></if>
                                <if><expr><eq><m_imppe1 />0</eq></expr><then><null name='m_imppe1' /></then></if>
                                <if><expr><eq><m_impnoc />0</eq></expr><then><null name='m_impnoc' /></then></if>
                                <if><expr><eq><m_imppe2 />0</eq></expr><then><null name='m_imppe2' /></then></if>
                                <if><expr><eq><m_impal1 />0</eq></expr><then><null name='m_impal1' /></then></if>
                                <if><expr><eq><m_impnos />0</eq></expr><then><null name='m_impnos' /></then></if>
                                <if><expr><eq><m_impal2 />0</eq></expr><then><null name='m_impal2' /></then></if>
                                <if><expr><eq><m_impfa1 />0</eq></expr><then><null name='m_impfa1' /></then></if>
                                <if><expr><eq><m_impnof />0</eq></expr><then><null name='m_impnof' /></then></if>
                                <if><expr><eq><m_impfa2 />0</eq></expr><then><null name='m_impfa2' /></then></if>
                                <if><expr><eq><m_imppag />0</eq></expr><then><null name='m_imppag' /></then></if>
                                <if><expr><eq><m_impfan />0</eq></expr><then><null name='m_impfan' /></then></if>

                                <update table='@tmp_unload'>
                                    <column name='impprp'><m_impprp /></column>
                                    <column name='imppe1'><m_imppe1 /></column>
                                    <column name='impnoc'><m_impnoc /></column>
                                    <column name='imppe2'><m_imppe2 /></column>
                                    <column name='impal1'><m_impal1 /></column>
                                    <column name='impnos'><m_impnos /></column>
                                    <column name='impal2'><m_impal2 /></column>
                                    <column name='impfa1'><m_impfa1 /></column>
                                    <column name='impnof'><m_impnof /></column>
                                    <column name='impfa2'><m_impfa2 /></column>
                                    <column name='imppag'><m_imppag /></column>
                                    <column name='impfan'><m_impfan /></column>
                                    <where>
                                        numany  = <m_numany />  AND
                                        empcode = <m_empcode /> AND
                                        codpre  = <m_codpre />  AND
                                        codpar  = <m_codpar />  AND
                                        tippar  = 'D'
                                    </where>
                                </update>
                            </do>
                        </foreach>

                        <update table='@tmp_unload'>
                            <column name='impprp'><o_totprp /></column>
                            <column name='imppe1'><o_totpe1 /></column>
                            <column name='impnoc'><o_totnoc /></column>
                            <column name='imppe2'><o_totpe2 /></column>
                            <column name='impal1'><o_total1 /></column>
                            <column name='impnos'><o_totnos /></column>
                            <column name='impal2'><o_total2 /></column>
                            <column name='impfa1'><o_totfa1 /></column>
                            <column name='impnof'><o_totnof /></column>
                            <column name='impfa2'><o_totfa2 /></column>
                            <column name='imppag'><o_totpag /></column>
                            <column name='impfan'><o_totfan /></column>
                            <where>
                                numany  = <m_numany />  AND
                                empcode = <m_empcode /> AND
                                tippar  = 'T'
                            </where>
                        </update>
                    </do>
                </foreach>
            </do>
        </for>

        <file.writer.open id='fid1'><file name='#o_filetemp' type='absolute' /></file.writer.open>

        <table.unload table='@tmp_unload' date-format='dd-MM-yyyy' encoding='utf-8'>
            <file name='#o_filetemp' type='absolute' />
        </table.unload>

        <file.writer.flush id='fid1' />

        <file.copy>
            <file name='#o_filetemp' type='absolute' />
            <file name='#o_filename' type='absolute' />
        </file.copy>
        <file.delete><file name='#o_filetemp' type='absolute' /></file.delete>
    </body>
</xsql-script>