<xsql-script name='bi_man_product_export_pdi'>
    <body>
        <set name='m_pathname'><string><file.separator />mnt<file.separator />deister_dwh<file.separator />ope<file.separator />man<file.separator /></string></set>
        <set name='m_timestamp'><date.format format='ddMMyy_HHmmss'><date.current /></date.format></set>

        <set name='m_filecorw'><string><m_pathname />bi_man_prodcor_<m_timestamp />.work</string></set>
        <set name='m_filecorf'><string><m_pathname />bi_man_prodcor_<m_timestamp />.pdi</string></set>
        <set name='m_fileprvw'><string><m_pathname />bi_man_prodprv_<m_timestamp />.work</string></set>
        <set name='m_fileprvf'><string><m_pathname />bi_man_prodprv_<m_timestamp />.pdi</string></set>
        <set name='m_filenfcw'><string><m_pathname />bi_man_prodnfc_<m_timestamp />.work</string></set>
        <set name='m_filenfcf'><string><m_pathname />bi_man_prodnfc_<m_timestamp />.pdi</string></set>
        <set name='m_fileopew'><string><m_pathname />bi_man_prodope_<m_timestamp />.work</string></set>
        <set name='m_fileopef'><string><m_pathname />bi_man_prodope_<m_timestamp />.pdi</string></set>

        <!-- ======================================================================== -->
        <!-- Carreguem l'associació grup de delegacions+delegació en una taula        -->
        <!-- temporal, eliminant possibles repeticions.                               -->
        <!-- ======================================================================== -->
        <drop table='@tmp_delgrp' temp='y' onexception='ignore' />
        <select intotemp='@tmp_delgrp'>
            <columns>gdelgrph.codigo codgrp, gdelgrph.nomgrp, gdelgrpl.delgrp</columns>
            <from table='gdelgrph'>
                <join table='gdelgrpl'>
                    <on>gdelgrph.codigo = gdelgrpl.grpdel</on>
                </join>
            </from>
            <where>
                gdelgrpl.grpdel <matches>'G0*'</matches>
            </where>
            <order>1,2</order>
        </select>

        <set name='m_lstval'><string /></set>
        <foreach>
            <select prefix='m_'>
                <columns>codgrp, delgrp</columns>
                <from table='@tmp_delgrp' />
                <where>
                    EXISTS (SELECT delgrp
                              FROM @tmp_delgrp
                             WHERE codgrp != codgrp
                               AND delgrp  = delgrp)
                </where>
                <order>2,1</order>
            </select>
            <do>
                <if>
                    <expr><eq><m_delgrp /><m_lstval /></eq></expr>
                    <then>
                        <delete table='@tmp_delgrp'>
                            <where>
                                codgrp = <m_codgrp /> AND
                                delgrp = <m_delgrp />
                            </where>
                        </delete>
                    </then>
                </if>

                <set name='m_lstval'><m_delgrp /></set>
            </do>
        </foreach>

        <!-- ======================================================================== -->
        <!-- CORRECTIU: Generació.                                                    -->
        <!-- ======================================================================== -->
        <drop table='@tmp_prodcor' temp='y' onexception='ignore' />
        <select intotemp='@tmp_prodcor'>
            <columns>
                gman_solitrah.docser,
                gman_solitrah.fecsol fecini,
                gman_solitrah.empcode codemp,
                <nvl>@tmp_delgrp.codgrp, '---'</nvl> codgrp,
                <nvl>@tmp_delgrp.nomgrp, '---'</nvl> nomgrp,
                gman_equinsta.insori,
                CASE WHEN gman_solitrah.estcab = 'C' THEN 'Completada'
                     WHEN gman_solitrah.estcab = 'P' THEN 'Processada'
                     WHEN gman_solitrah.estcab = 'V' THEN 'Validada'
                     ELSE '---'
                 END estado,
                MAX(gcommovh.fecmov) fecfin,
                0 temres,
                '-----' clasif
            </columns>
            <from table='gman_solitrah'>
                <join type='left' table='@tmp_delgrp'>
                    <on>gman_solitrah.delega = @tmp_delgrp.delgrp</on>
                </join>
                <join table='gman_ordetrah'>
                    <on>gman_solitrah.docser = gman_ordetrah.docori</on>
                    <join table='gman_equinsta'>
                        <on>gman_ordetrah.codins = gman_equinsta.codins</on>
                    </join>
                    <join type='left' table='gcommovh'>
                        <on>gman_ordetrah.docser = gcommovh.docori</on>
                        <join table='gcommovd'>
                            <on>gcommovh.tipdoc = gcommovd.codigo</on>
                        </join>
                    </join>
                </join>
            </from>
            <where>
                YEAR(gman_solitrah.fecsol) &gt;= 2017 AND
                gman_ordetrah.tipdoc != 'RU' AND
                gman_ordetrah.estcab != 'B' AND
                gman_ordetrah.codope IS NOT NULL AND
                gcommovd.tabori = 'OT'
            </where>
            <group>1,2,3,4,5,6,7</group>
            <order>2,1</order>
        </select>

        <!-- ======================================================================== -->
        <!-- CORRECTIU: Càlculs.                                                      -->
        <!-- ======================================================================== -->
        <!-- Estat anul·lat: Consta com a completada pero no disposa de cap albarà. -->
        <update table='@tmp_prodcor'>
            <column name='estado'><string>Anul·lada</string></column>
            <where>
                fecini IS NOT NULL AND
                fecfin IS NULL
            </where>
        </update>

        <update table='@tmp_prodcor'>
            <column name='temres' text='true'>fecfin-fecini</column>
            <where>
                fecini IS NOT NULL AND
                fecfin IS NOT NULL
            </where>
        </update>

        <!-- Estat diferit: finalitzada abans de data de sol·licitud. Com lis dieu? Igualo la diferencia de díes a 0. -->
        <update table='@tmp_prodcor'>
            <column name='estado'><string>Anticipada</string></column>
            <column name='temres'>0</column>
            <where>
                temres &lt; 0
            </where>
        </update>

        <update table='@tmp_prodcor'>
            <column name='clasif' text='true'>
                CASE WHEN temres = 0 THEN '00'
                     WHEN temres BETWEEN  1 AND  2 THEN '01-02'
                     WHEN temres BETWEEN  3 AND  4 THEN '03-04'
                     WHEN temres BETWEEN  5 AND  9 THEN '05-09'
                     WHEN temres BETWEEN 10 AND 19 THEN '10-19'
                     WHEN temres BETWEEN 20 AND 39 THEN '20-39'
                     ELSE '40+'
                 END
            </column>
            <where>1=1</where>
        </update>

        <drop table='@tmp_prodcor_out' temp='y' onexception='ignore' />
        <select intotemp='@tmp_prodcor_out'>
            <columns>
                docser,
                TO_CHAR(fecini, '%Y%m%d') fecini,
                codemp, codgrp, nomgrp, insori, estado,
                TO_CHAR(fecfin, '%Y%m%d') fecfin,
                temres, clasif
            </columns>
            <from table='@tmp_prodcor' />
        </select>

        <!-- ======================================================================== -->
        <!-- PREVENTIU: Generació.                                                    -->
        <!-- ======================================================================== -->
        <drop table='@tmp_prodprv' temp='y' onexception='ignore' />
        <select intotemp='@tmp_prodprv'>
            <columns>
                gman_ordetrah.docser,
                <nvl>DATE(gman_ordetrah.revini), DATE(gman_ordetrah.preini)</nvl> fecini,
                gman_ordetrah.empcode codemp,
                <nvl>@tmp_delgrp.codgrp, '---'</nvl> codgrp,
                <nvl>@tmp_delgrp.nomgrp, '---'</nvl> nomgrp,
                gman_equinsta.insori,
                CASE WHEN gman_ordetrah.estcab = 'C' THEN 'Completada'
                     WHEN gman_ordetrah.estcab = 'I' THEN 'Iniciada'
                     WHEN gman_ordetrah.estcab = 'V' THEN 'Validada'
                     ELSE '---'
                 END estado,
                MAX(gcommovh.fecmov) fecfin,
                0 temres,
                '----------------' clasif
            </columns>
            <from table='gman_ordetrah'>
                <join type='left' table='@tmp_delgrp'>
                    <on>gman_ordetrah.delega = @tmp_delgrp.delgrp</on>
                </join>
                <join table='gman_equinsta'>
                    <on>gman_ordetrah.codins = gman_equinsta.codins</on>
                </join>
                <join type='left' table='gcommovh'>
                    <on>gman_ordetrah.docser = gcommovh.docori</on>
                    <join table='gcommovd'>
                        <on>gcommovh.tipdoc = gcommovd.codigo</on>
                    </join>
                </join>
            </from>
            <where>
                YEAR(gman_ordetrah.fecpre) &gt;= 2017 AND
                gman_ordetrah.tipdoc = 'OP'
            </where>
            <group>1,2,3,4,5,6,7</group>
            <order>2,1</order>
        </select>

        <!-- ======================================================================== -->
        <!-- PREVENTIU: Càlculs.                                                      -->
        <!-- ======================================================================== -->
        <!-- Estat anul·lat: Consta com a completada pero no disposa de cap albarà. -->
        <update table='@tmp_prodprv'>
            <column name='estado'><string>Anul·lada</string></column>
            <where>
                fecini IS NOT NULL AND
                fecfin IS NULL
            </where>
        </update>

        <update table='@tmp_prodprv'>
            <column name='temres' text='true'>fecfin-fecini</column>
            <where>
                fecini IS NOT NULL AND
                fecfin IS NOT NULL
            </where>
        </update>

        <!-- Estat diferit: finalitzada abans de data de sol·licitud. Com lis dieu? Igualo la diferencia de díes a 0. -->
        <update table='@tmp_prodprv'>
            <column name='estado'><string>Anticipada</string></column>
            <column name='temres'>0</column>
            <where>
                temres &lt; 0
            </where>
        </update>

        <update table='@tmp_prodprv'>
            <column name='clasif' text='true'>
                CASE WHEN estado != 'A' AND temres &lt;  7 THEN 'Dins del previst'
                     WHEN estado != 'A' AND temres &gt;= 7 THEN 'Fora del previst'
                     ELSE 'No realitzat'
                 END
            </column>
            <where>1=1</where>
        </update>

        <drop table='@tmp_prodprv_out' temp='y' onexception='ignore' />
        <select intotemp='@tmp_prodprv_out'>
            <columns>
                docser,
                TO_CHAR(fecini, '%Y%m%d') fecini,
                codemp, codgrp, nomgrp, insori, estado,
                TO_CHAR(fecfin, '%Y%m%d') fecfin,
                temres, clasif
            </columns>
            <from table='@tmp_prodprv' />
        </select>

        <!-- ======================================================================== -->
        <!-- OPERARIS: Generació.                                                     -->
        <!-- ======================================================================== -->
        <drop table='@tmp_prodnfc' temp='y' onexception='ignore' />
        <select intotemp='@tmp_prodnfc'>
            <columns>
                TO_CHAR(gman_parteser.fecini, '%Y%m%d') feccom,
                gman_parteser.codope,
                <nvl>cper_empleado.nomemp, '---'</nvl> nomope,
                REPLACE(REPLACE(gman_parteser.codser,'1',''),'2','') codser,
                gman_parteser.docser  doccom,
                gman_ordetrah.empcode codemp,
                gman_equinsta.insori,
                <nvl>@tmp_delgrp.codgrp, '---'</nvl> codgrp,
                <nvl>@tmp_delgrp.nomgrp, '---'</nvl> nomgrp,
                ROUND((mut_nfc_ordetrah.fin_datcon-mut_nfc_ordetrah.ini_datcon)::interval MINUTE(9) TO MINUTE::CHAR(10)::DECIMAL/60,2) temrea,
                ROUND((mut_nfc_ordetrah.fin_datdis-mut_nfc_ordetrah.ini_datdis)::interval MINUTE(9) TO MINUTE::CHAR(10)::DECIMAL/60,2) temjor
            </columns>
            <from table='gman_ordetrah'>
                <join type='left' table='cper_empleado'>
                    <on>gman_parteser.codope = cper_empleado.codigo</on>
                </join>
                <join table='gman_equinsta'>
                    <on>gman_ordetrah.codins = gman_equinsta.codins</on>
                </join>
                <join type='left' table='@tmp_delgrp'>
                    <on>gman_ordetrah.delega = @tmp_delgrp.delgrp</on>
                </join>
                <join table='mut_nfc_ordetrah'>
                    <on>gman_ordetrah.cabid = mut_nfc_ordetrah.cabid</on>
                    <join table='gman_parteser'>
                        <on>mut_nfc_ordetrah.doccom = gman_parteser.docser</on>
                    </join>
                </join>
            </from>
            <where>
                YEAR(mut_nfc_ordetrah.ini_datcon) &gt;= 2017 AND
                gman_ordetrah.tipdoc != 'OA' AND
                mut_nfc_ordetrah.ini_datcon IS NOT NULL AND
                mut_nfc_ordetrah.fin_datcon IS NOT NULL AND
                mut_nfc_ordetrah.ini_datdis IS NOT NULL AND
                mut_nfc_ordetrah.fin_datdis IS NOT NULL AND
                (mut_nfc_ordetrah.fin_datcon-mut_nfc_ordetrah.ini_datcon)::interval MINUTE(9) TO MINUTE::CHAR(10)::INTEGER &lt;= 1440 AND
                gman_parteser.tipdoc != 'MAT'
            </where>
            <order>1,2</order>
        </select>

        <drop table='@tmp_prodope' temp='y' onexception='ignore' />
        <select intotemp='@tmp_prodope'>
            <columns>
                codope, nomope, codser, insori, feccom, COUNT(*) numots, SUM(temrea) temrea, SUM(temjor) temjor
            </columns>
            <from table='@tmp_prodnfc' />
            <group>1,2,3,4,5</group>
            <order>1,5</order>
        </select>

        <file.writer.open id='fid1'><file name='#m_filecorw' type='absolute' /></file.writer.open>
        <file.writer.open id='fid2'><file name='#m_fileprvw' type='absolute' /></file.writer.open>
        <file.writer.open id='fid3'><file name='#m_filenfcw' type='absolute' /></file.writer.open>
        <file.writer.open id='fid4'><file name='#m_fileopew' type='absolute' /></file.writer.open>

        <table.unload table='@tmp_prodcor_out' date-format='dd-MM-yyyy' encoding='utf-8'>
            <file name='#m_filecorw' type='absolute' />
        </table.unload>
        <table.unload table='@tmp_prodprv_out' date-format='dd-MM-yyyy' encoding='utf-8'>
            <file name='#m_fileprvw' type='absolute' />
        </table.unload>
        <table.unload table='@tmp_prodnfc' date-format='dd-MM-yyyy' encoding='utf-8'>
            <file name='#m_filenfcw' type='absolute' />
        </table.unload>
        <table.unload table='@tmp_prodope' date-format='dd-MM-yyyy' encoding='utf-8'>
            <file name='#m_fileopew' type='absolute' />
        </table.unload>

        <file.writer.flush id='fid1' />
        <file.writer.flush id='fid2' />
        <file.writer.flush id='fid3' />
        <file.writer.flush id='fid4' />

        <file.copy>
            <file name='#m_filecorw' type='absolute' />
            <file name='#m_filecorf' type='absolute' />
        </file.copy>
        <file.copy>
            <file name='#m_fileprvw' type='absolute' />
            <file name='#m_fileprvf' type='absolute' />
        </file.copy>
        <file.copy>
            <file name='#m_filenfcw' type='absolute' />
            <file name='#m_filenfcf' type='absolute' />
        </file.copy>
        <file.copy>
            <file name='#m_fileopew' type='absolute' />
            <file name='#m_fileopef' type='absolute' />
        </file.copy>

        <file.delete><file name='#m_filecorw' type='absolute' /></file.delete>
        <file.delete><file name='#m_fileprvw' type='absolute' /></file.delete>
        <file.delete><file name='#m_filenfcw' type='absolute' /></file.delete>
        <file.delete><file name='#m_fileopew' type='absolute' /></file.delete>
    </body>
</xsql-script>
