<union type='all'>
    <select>
        <columns>
            casientos.empcode, cempresa.empname, 
            capuntes.cuenta,  ccuentas.nombre,  
            '' proyec,       '' nompro, 
            '' seccio,       '' nomsec, 
            '' dimcode1,
            '' dimcode2,
            '' sistem,
            '' codaux,
            '' ctaaux,
            <eval-date d='-1'>$FECINI</eval-date> fecha,
            -1  asient,
            0   orden,
            ''  jusser,
            ''  docser,
            ''  codcon,
            ''  coment,
            'SALDO ANTERIOR......' concep,
            ''  moneda,
            0   cambio,
            SUM(capuntes.divdeb) divdeb,
            SUM(capuntes.divhab) divhab,
            SUM(capuntes.divdeb - capuntes.divhab) saldiv,
            SUM(capuntes.debe) debe,
            SUM(capuntes.haber) haber,
            SUM(capuntes.debe - capuntes.haber) saldo
        </columns>
        <from table='casientos'>
            <join type='left' table='cempresa'>
                <on>casientos.empcode = cempresa.empcode</on>
            </join>
            <join table='capuntes'>
                <on>capuntes.id_asiento = casientos.id_asiento</on>
                <join type='left' table='ccuentas'>
                    <on>capuntes.placon = ccuentas.placon</on>
                    <on>capuntes.cuenta = ccuentas.codigo</on>
                </join> 
            </join>            
        </from>
        <where>
            $0                 AND
            casientos.empcode  $EMPCODE  AND
            capuntes.proyec   $PROYEC   AND
            capuntes.seccio   $SECCIO   AND
            casientos.sistem   $SISTEM   AND
            capuntes.dimcode1 $DIMCODE1 AND
            capuntes.dimcode2 $DIMCODE2 AND
            capuntes.cuenta   $CUENTA   AND
            NVL(capuntes.ctaaux, '')   $CTAAUX   AND
            casientos.fecha    BETWEEN (SELECT MIN(fecini)
                                         FROM cperiodo
                                        WHERE cperiodo.empcode = casientos.empcode
                                          AND ejerci = (SELECT MIN(ejerci) FROM cperiodo WHERE fecini &lt;= $FECINI AND fecfin >= $FECINI))
                                          AND (<eval-date d='-1'>$FECINI</eval-date>)
        </where>
        <group>1, 2, 3, 4, 5, 6, 7, 8, 9, 10, 11, 12, 13, 14, 15, 16, 17, 18, 19, 20, 21, 22, 23</group>
    </select>
    <select>
        <columns>
            casientos.empcode, cempresa.empname,
            capuntes.cuenta,  ccuentas.nombre,
            capuntes.proyec,  cproyect.nompro,
            capuntes.seccio,  cseccion.nomsec,
            capuntes.dimcode1,
            capuntes.dimcode2,
            casientos.sistem,
            capuntes.codaux,
            capuntes.ctaaux,
            casientos.fecha,
            casientos.asient,
            capuntes.orden,
            casientos.jusser,
            casientos.docser,
            capuntes.codcon,
            cconcept.coment,
            capuntes.concep,
            capuntes.moneda,
            capuntes.cambio,
            capuntes.divdeb,
            capuntes.divhab,
            (capuntes.divdeb - capuntes.divhab) saldiv,
            capuntes.debe,
            capuntes.haber,
            (capuntes.debe   - capuntes.haber)  saldo
        </columns>
        <from table='casientos'>
            <join type='left' table='cempresa'>
                <on>casientos.empcode = cempresa.empcode</on>
            </join>
            <join table='capuntes'>
                <on>capuntes.id_asiento = casientos.id_asiento</on>
                <join type='left' table='ccuentas'>
                    <on>capuntes.placon = ccuentas.placon</on>
                    <on>capuntes.cuenta = ccuentas.codigo</on>
                </join> 
                <join type='left' table='cproyect'>
                    <on>capuntes.proyec  = cproyect.codigo</on>
                </join>
                <join type='left' table='cseccion'>
                    <on>capuntes.seccio  = cseccion.codigo</on>
                </join> 
                <join type='left' table='cconcept'>
                    <on>capuntes.codcon = cconcept.codigo</on>
                </join>
            </join>                                            
        </from>
        <where>
            $0                          AND
            casientos.empcode  $EMPCODE  AND
            capuntes.proyec   $PROYEC   AND
            capuntes.seccio   $SECCIO   AND
            casientos.sistem   $SISTEM   AND
            capuntes.dimcode1 $DIMCODE1 AND
            capuntes.dimcode2 $DIMCODE2 AND
            capuntes.cuenta   $CUENTA   AND
            NVL(capuntes.ctaaux, '')   $CTAAUX   AND
            casientos.fecha    BETWEEN   $FECINI AND $FECFIN
        </where>
    </select>
</union>