<select>
    <columns>
        casientos.empcode,  cempresa.empname,
        capuntes.dimcode2, cdimcon2.nomdim2,
        casientos.fecha,    casientos.asient,
        capuntes.orden,    capuntes.id_apunte,
        cmaprcta.mappla,   cmaprcta.caucta,  cmapdcta.daucta,
        capuntes.cuenta,   ccuentas.nombre,
        casientos.sistem,   casientos.origen,  capuntes.codcon,   capuntes.concep,
        capuntes.debe,     capuntes.haber,
        (capuntes.debe-capuntes.haber) saldo
    </columns>
    <from table='casientos'>
        <join type='left' table='cempresa'>
            <on>casientos.empcode = cempresa.empcode</on>
        </join>
        <join table='capuntes'>
            <on>capuntes.id_asiento = casientos.id_asiento</on>
            <join type='left' table='ccuentas'>
                <on>capuntes.placon  = ccuentas.placon</on>
                <on>capuntes.cuenta  = ccuentas.codigo</on>
            </join>
            <join type='inner' table="cmaprcta">
                <on>capuntes.placon = cmaprcta.placon</on>
                <on>capuntes.cuenta LIKE cmaprcta.cuenta</on>
                <join type='left' table="cmapdcta">
                    <on>cmaprcta.mappla = cmapdcta.mappla</on>
                    <on>cmaprcta.caucta = cmapdcta.caucta</on>
                </join>
            </join>
            <join type='left' table="cdimcon2">
                <on>capuntes.dimcode2 = cdimcon2.coddim2</on>
            </join>
        </join>
    </from>
    <where>
        $0
    </where>
</select>