<select>
    <columns>
        ccosdgrp.codigo codgrp, ccosdgrp.nomgrp,
        capuntes.proyec,  cproyect.nompro,
        capuntes.seccio,  cseccion.nomsec,
        ccoscont.centro,  ccosdesc.nomcen,
        casientos.empcode, cempresa.empname,
        capuntes.cuenta,  ccuentas.nombre,
        <nvl>capuntes.fecha_val, casientos.fecha</nvl> fecha_val,
        casientos.fecha,  casientos.asient, capuntes.orden, casientos.jusser,
        casientos.docser, capuntes.concep, ccoscont.debe,  ccoscont.haber,
        ccoscont.debe - ccoscont.haber saldo
    </columns>
    <from table='casientos'>
        <join type='left' table='cempresa'>
            <on>casientos.empcode = cempresa.empcode</on>
        </join>
        <join table='capuntes'>
            <on>capuntes.id_asiento = casientos.id_asiento</on>
            <join table='cproyect'>
                <on>capuntes.proyec = cproyect.codigo</on>
            </join>
            <join table='cseccion'>
                <on>capuntes.seccio = cseccion.codigo</on>
            </join>
            <join table='ccuentas'>
                <on>capuntes.cuenta = ccuentas.codigo</on>
                <on>capuntes.placon = ccuentas.placon</on>
            </join>
            <join table='ccoscont'>
                <on>capuntes.id_apunte = ccoscont.apteid</on>
                <join table='ccosdesc'>
                    <on>ccoscont.centro = ccosdesc.codigo</on>
                </join>
                <join table='ccosdlin'>
                    <on>ccoscont.centro = ccosdlin.centro</on>
                    <join table='ccosdgrp'>
                        <on>ccosdlin.codgrp = ccosdgrp.codigo</on>
                    </join>
                </join>
            </join>
        </join>
    </from>
    <where>
        <nvl>capuntes.fecha_val, casientos.fecha</nvl> BETWEEN $FECINI AND $FECFIN AND
        NOT(casientos.asient = 0 AND <nvl>capuntes.fecha_val, casientos.fecha</nvl> = $FECINI) AND
        casientos.empcode $EMPCODE AND
        capuntes.placon  $PLACON  AND
        capuntes.cuenta  $CUENTA  AND
        capuntes.seccio  $SECCIO  AND
        ccoscont.centro  $CENTRO  AND
        casientos.sistem  $SISTEM  AND
        ccosdlin.codgrp  $CODIGO  AND
        $0
    </where>
</select>