<!-- ======================================================================= -->
<!--                                                                         -->
<!--  TRIGGER: erp_sl_order_line_ins_after                                   -->
<!--                                                                         -->
<!--                                                                         -->
<!--  ACTIONS                                                                -->
<!--  ===============                                                        -->
<!--  Updates total document amounts                                         -->
<!--                                                                         -->
<!-- ======================================================================= -->
<xsql-trigger 
    name="erp_sl_order_line_ins_after" 
    table="erp_sl_order_line" 
    event="insert"
    time='after'>
    
    <foreach-row>

        <if-condition value="engine != 'informix'">

            <!-- ============================================================================= -->
            <!--  Procedure of total calculations for document   						       -->
            <!-- ============================================================================= -->
            <execute-procedure name='update_amount_sale_order'>
                <in>
                    <arg><new>order_id</new></arg>
                    <arg><new>id</new></arg>
                    <arg><new>price_total</new></arg>
                    <arg><new>price_subtotal</new></arg>
                </in>
            </execute-procedure>

            <!-- ============================================================================= -->
            <!-- Calculamos los impuestos de cabecera una vez agregados los impuestos de linea -->
            <!-- ============================================================================= -->
            <execute-procedure name='sale_order_calculate_tax'>
                <in>
                    <arg><new>order_id</new></arg>
                </in>
            </execute-procedure>

            <!-- ============================================================================= -->
            <!--  Procedure for maintaining header weight  						     		   -->
            <!-- ============================================================================= -->
            <execute-procedure name='update_weight_head_order'>
                <in>
                    <arg><new>order_id</new></arg>
                </in>
            </execute-procedure>

            <!-- ============================================================================= -->
            <!-- El estado de las lineas para actualizar la cabecera						   -->
            <!-- ============================================================================= -->
            <execute-procedure name='status_sale_order'>
                <in>
                    <arg><new>order_id</new></arg>
                </in>
            </execute-procedure>

        </if-condition>

        <if-condition value="engine =='informix'">
            <when>
                <expr>1=0</expr>
                <then>
                    <execute-procedure name='sdm_raise_msg'>
                        <in>
                            <arg>0</arg>
                            <arg>'Trigger emty for INFORMIX'</arg>
                        </in>
                    </execute-procedure>
                </then>
            </when>
        </if-condition>
        
    </foreach-row>
    
</xsql-trigger>