<!-- ======================================================================= -->
<!--                                                                         -->
<!--  TRIGGER: erp_md_partner_upd_after                                      -->
<!--                                                                         -->
<!--                                                                         -->
<!--  ACTIONS                                                                -->
<!--  ===============                                                        -->
<!--  1.- Update partner contact and address records						 -->
<!--                                                                         -->
<!-- ======================================================================= -->

<xsql-trigger 
    name="erp_md_partner_upd_after" 
    table="erp_md_partner" 
    event="update"
	time="after">
	
	<foreach-row>
		<if-condition value="engine != 'informix'">
			
			<!-- ======================================================================= -->
			<!-- Update partner address in erp_md_partner_address                           -->
			<!-- ======================================================================= -->
			<when>
				<expr>
						<old>street1</old>      != <new>street1</new>
					OR 	<old>street2</old>      != <new>street2</new>
					OR 	<old>zip</old>          != <new>zip</new>
					OR 	<old>city</old>         != <new>city</new>
					OR 	<old>state</old>        != <new>state</new>
					OR 	<old>country_id</old>   != <new>country_id</new>
					OR 	<old>tax_zone</old>     != <new>tax_zone</new>
				</expr>
				<then>
					<update table='erp_md_partner_address'>
						<column name='type'>'M'</column>
						<column name='street1'><new>street1</new></column>
						<column name='street2'><new>street2</new></column>
						<column name='zip'><new>zip</new></column>
						<column name='city'><new>city</new></column>
						<column name='state'><new>state</new></column>
						<column name='country_id'><new>country_id</new></column>
						<column name='tax_zone'><new>tax_zone</new></column>
						<column name='user_updated'><new>user_updated</new></column>
						<column name='date_updated'><new>date_updated</new></column>
						<where>
							erp_md_partner_address.partner_id = <old>id</old>
							AND type='M'	
						</where>
					</update>
				</then>
			</when>

		</if-condition>

		<if-condition value="engine == 'informix'">
			<when>
				<expr>1=0</expr>
				<then>
					<execute-procedure name='sdm_raise_msg'>
						<in>
							<arg>0</arg>
							<arg>'Trigger empty for non INFORMIX'</arg>
						</in>
					</execute-procedure>
				</then>
			</when>
		</if-condition>

    </foreach-row>

</xsql-trigger>