<!-- ======================================================================= -->
<!--                                                                         -->
<!--  TRIGGER: erp_pu_order_tax_upd_after                                    -->
<!--                                                                         -->
<!--                                                                         -->
<!--  ACTIONS                                                                -->
<!--  ===============                                                        -->
<!--                                                                         -->
<!-- ======================================================================= -->

<!-- WARNING: THIS TRIGGER IS DUPLICATED. THIS ONE IS USED FOR INFORMIX ENGINES BUT THERE ALSO EXISTS 2 	-->
<!-- MORE TRIGGERS (ONE BEFORE AND ONE AFTER) FOR OTHER EGINES												-->
<xsql-trigger 
    name="erp_pu_order_tax_upd_after" 
    table="erp_pu_order_tax" 
    event="update"
    time="after">
    
    <foreach-row>

        <if-condition value="engine != 'informix'">

            <when>
                <expr>
                    <new>tax_manual</new> = 1 AND 
                    (<old>tax_manual</old> = <new>tax_manual</new>)
                </expr>
                <then>

                    <!-- ================================================================== -->
                    <!-- Actualizamos el total de la factura                                -->
                    <!-- ================================================================== -->
                    <update table='erp_pu_order'>
                        <column name='amount_total'>
                            amount_total - <old>tax_amount</old> + <new>tax_amount</new>
                        </column>
                        <column name='amount_tax'>
                            amount_tax - <old>tax_amount</old> + <new>tax_amount</new>
                        </column>
                        <where>
                            id = <new>order_id</new>
                        </where>
                    </update>

                </then>
            </when>
        </if-condition>

        <if-condition value="engine == 'informix'">
            <when>
                <expr>1=0</expr>
                <then>
                    <execute-procedure name='sdm_raise_msg'>
                        <in>
                            <arg>0</arg>
                            <arg>'Trigger emty for INFORMIX'</arg>
                        </in>
                    </execute-procedure>
                </then>
            </when>
        </if-condition>
       
    </foreach-row>
        
</xsql-trigger>