<!-- ======================================================================= -->
<!--                                                                         -->
<!--  TRIGGER: TRIGGER_CODE                                                  -->
<!--                                                                         -->
<!--                                                                         -->
<!--                                                                         -->
<!--  CONTROLS                                                               -->
<!--  ===============                                                        -->
<!--                                                                         -->
<!--                                                                         -->
<!--                                                                         -->
<!--  ACTIONS                                                                -->
<!--  ===============                                                        -->
<!--                                                                         -->
<!--                                                                         -->
<!-- ======================================================================= -->
<xsql-trigger 
    name="erp_md_user_upd_after" 
    table="erp_md_user" 
    event="update"
	time="after">
    
    <foreach-row>
		<if-condition value="engine != 'informix'">
			<when>
				<expr>
					(<select>
						<columns>COUNT(*)</columns>
						<from table='erp_md_user' />
					</select>) = 1
					AND <new>user_role</new> != 1
				</expr>
				<then>
					<execute-procedure name='sdm_raise_msg'>
						<in>
							<arg>0</arg>
							<arg>'El sistema debe tener un usuario administrador'</arg>
						</in>
					</execute-procedure>
				</then>
			</when>

		</if-condition>

		<if-condition value="engine == 'informix'">
            <when>
                <expr>1=0</expr>
                <then>
                    <execute-procedure name='sdm_raise_msg'>
                        <in>
                            <arg>0</arg>
                            <arg>'Trigger emty for INFORMIX'</arg>
                        </in>
                    </execute-procedure>
                </then>
            </when>
        </if-condition>
        
    </foreach-row>
        
</xsql-trigger>