<!-- ======================================================================= -->
<!--                                                                         -->
<!--  TRIGGER: erp_sl_order_line_upd_after                                          -->
<!--                                                                         -->
<!--                                                                         -->
<!--  ACTIONS                                                                -->
<!--  ===============                                                        -->
<!--  1.- Maintains total amounts for document                               -->
<!--                                                                         -->
<!-- ======================================================================= -->

<xsql-trigger 
    name="erp_sl_order_line_upd_after" 
    table="erp_sl_order_line" 
    event="update"
    time='after'>
    
    <foreach-row>
        <if-condition value="engine != 'informix'">

            <when>
                <expr>
                    (
                        <new>price_total</new> != 0  OR <new>price_subtotal</new> != 0 OR 
                        <new>price_unit</new>  != -1 OR <new>product_qty</new>    != -1 
                    ) AND 
                    (
                        <new>price_total</new> != <old>price_total</old>
                    )
                </expr>
                <then>

                    <!-- ============================================================================= -->
                    <!--  Procedure of total calculations for document   						       -->
                    <!-- ============================================================================= -->
                    <execute-procedure name='update_amount_sale_order'>
                        <in>
                            <arg><new>order_id</new></arg>
                            <arg><new>id</new></arg>
                            <arg><new>price_total</new></arg>
                            <arg><new>price_subtotal</new></arg>
                        </in>
                    </execute-procedure>

                    <!-- ============================================================================= -->
                    <!-- Volvemos a calcular los impuestos de cabecera 						           -->
                    <!-- ============================================================================= -->
                    <execute-procedure name='sale_order_calculate_tax'>
                        <in>
                            <arg><new>order_id</new></arg>
                        </in>
                    </execute-procedure>

                </then>
            </when>

            <!-- ============================================================================= -->
            <!--  Procedure for maintaining header weight  						     		   -->
            <!-- ============================================================================= -->
            <execute-procedure name='update_weight_head_order'>
                <in>
                    <arg><new>order_id</new></arg>
                </in>
            </execute-procedure>



            <!-- ============================================================================= -->
            <!-- El estado de las lineas para actualizar la cabecera						   -->
            <!-- ============================================================================= -->
            <execute-procedure name='status_sale_order'>
                <in>
                    <arg><new>order_id</new></arg>
                </in>
            </execute-procedure>

        </if-condition>

        <if-condition value="engine =='informix'">
            <when>
                <expr>1=0</expr>
                <then>
                    <execute-procedure name='sdm_raise_msg'>
                        <in>
                            <arg>0</arg>
                            <arg>'Trigger emty for INFORMIX'</arg>
                        </in>
                    </execute-procedure>
                </then>
            </when>
        </if-condition>
        
    </foreach-row>
        
</xsql-trigger>