<!-- ======================================================================= -->
<!--                                                                         -->
<!--  TRIGGER: erp_pu_request_line_upd_after                                 -->
<!--                                                                         -->
<!--                                                                         -->
<!--  ACTIONS                                                                -->
<!--  ===============                                                        -->
<!--  1.- Maintains total amounts for document.								 -->
<!--  2.- Set invoice_status line.                                           -->
<!--                                                                         -->
<!-- ======================================================================= -->
<xsql-trigger 
    name="erp_pu_request_line_upd_after" 
    table="erp_pu_request_line" 
    event="update"
    time="after">
    
    <foreach-row>
        <if-condition value="engine != 'informix'">
            <!-- ============================================================================= -->
            <!-- Cuando actualizamos los valores de producto, cantidad, precio o descuento se  -->
            <!-- deben calcular los impuestos de linea nuevamente    						   -->
            <!-- ==========================================================================    -->
            <!-- En este caso usamos en ambos parametros el price_subtotal porque se guarda    -->
            <!-- el valor originial sin impuestos, el cual no se modifica                      -->
            <!-- ==========================================================================    -->
            <!-- Ademas la asignacion del NEW que se hace no afecta en este proceso, ya que    -->
            <!-- en postgres esta asignacion se ignora                                         -->
            <!-- ============================================================================= -->
            <when>
                <expr>
                    (   <new>product_id</new>  != <old>product_id</old>  OR 
                        <new>product_qty</new> != <old>product_qty</old> OR 
                        <new>product_uom</new> != <old>product_uom</old> OR 
                        <new>price_unit</new>  != <old>price_unit</old>  OR 
                        <nvl><new>discount</new>  , -1</nvl>  != <nvl><old>discount</old>  , -1</nvl>
                    ) AND (
                        (<new>price_total</new> != 0  OR <new>price_subtotal</new> != 0 OR 
                        <new>price_unit</new>  != -1 OR <new>product_qty</new>    != -1 )
                    )
                </expr>
                <then>
                    <execute-procedure name='purchase_request_line_get_tax_rule'>
                        <in>
                            <arg><new>id</new></arg>
                            <arg><new>price_subtotal</new></arg>
                        </in>
                        <out>
                            <var name='NEW.price_subtotal' />
                            <var name='NEW.price_total' />
                        </out>
                    </execute-procedure>
                </then>
            </when>

            <when>
                <expr>
                    (
                        <new>price_total</new> != 0  OR <new>price_subtotal</new> != 0 OR 
                        <new>price_unit</new>  != -1 OR <new>product_qty</new>    != -1 
                    ) AND 
                    (
                        <new>price_total</new> != <old>price_total</old>
                    )
                </expr>
                <then>

                    <!-- ============================================================================= -->
                    <!--  Procedure of total calculations for document   						       -->
                    <!-- ============================================================================= -->
                    <execute-procedure name='update_amount_purchase_request'>
                        <in>
                            <arg><new>request_id</new></arg>
                            <arg><new>id</new></arg>
                            <arg><new>price_total</new></arg>
                            <arg><new>price_subtotal</new></arg>
                        </in>
                    </execute-procedure>

                    <!-- ============================================================================= -->
                    <!-- Volvemos a calcular los impuestos de cabecera 						           -->
                    <!-- ============================================================================= -->
                    <execute-procedure name='purchase_request_calculate_tax'>
                        <in>
                            <arg><new>request_id</new></arg>
                        </in>
                    </execute-procedure>

                </then>
            </when>
        </if-condition>
        <if-condition value="engine == 'informix'">
			<when>
				<expr>1=0</expr>
				<then>
					<execute-procedure name='sdm_raise_msg'>
						<in>
							<arg>0</arg>
							<arg>'Trigger empty for non INFORMIX'</arg>
						</in>
					</execute-procedure>
				</then>
			</when>
		</if-condition>
        
    </foreach-row>
        
</xsql-trigger>