<!-- ======================================================================= -->
<!--                                                                         -->
<!--  TRIGGER: erp_sl_order_line_tax_ins                                 -->
<!--                                                                         -->
<!--                                                                         -->
<!--  ACTIONS                                                                -->
<!--  ===============                                                        -->
<!--                                                                         -->
<!-- ======================================================================= -->
<xsql-trigger 
    name="erp_sl_order_line_tax_ins" 
    table="erp_sl_order_line_tax" 
    event="insert">
    
    <foreach-row>

        <when>
            <expr>
                <new>tax_amount</new> = 0
            </expr>
            <then>
                <execute-function name='calculate_tax_amount' into='NEW.tax_amount'>
                    <arg><new>tax_id</new></arg>
                    <arg><new>tax_base_amount</new></arg>
                </execute-function>
            </then>
        </when>

        <!-- ============================================================= -->
        <!-- Si la linea es insertada manualmente se hacen los calculos    -->
        <!-- si el impuesto es agregado por el calculo, no se calculan     -->
        <!-- ============================================================= -->
        <when>
            <expr>
                <new>tax_manual</new> = 1
            </expr>
            <then>

                <!-- ============================================================= -->
                <!-- Cuando se inserta un nuevo impuesto debemos calcular el total -->
                <!-- de la linea                                                   -->
                <!-- ============================================================= -->
                <update table='erp_sl_order_line'>
                    <column name='price_total'>
                        price_total + <new>tax_amount</new>
                    </column>
                    <where>
                        id = <new>line_id</new>
                    </where>
                </update>

            </then>
        </when>

    </foreach-row>
        
</xsql-trigger>