<!-- ======================================================================= -->
<!--                                                                         -->
<!--  TRIGGER: erp_sl_order_line_del                                          -->
<!--                                                                         -->
<!--                                                                         -->
<!--  ACTIONS                                                                -->
<!--  ===============                                                        -->
<!--  1.- Maintains total amounts for document                               -->
<!--                                                                         -->
<!-- ======================================================================= -->
<xsql-trigger 
    name="erp_sl_order_line_del" 
    table="erp_sl_order_line" 
    event="delete"
	time="before">
    
    <foreach-row>
        
       	<!-- ============================================================================= -->
        <!--  Para eliminar la linea primero debemos eliminar los impuestos de la linea	   -->
        <!-- ============================================================================= -->
		<update table='erp_sl_order_line_tax'>
			<column name='tax_manual'>0</column>
			<where>
				line_id = <old>id</old>
			</where>
		</update>
		
		<delete table='erp_sl_order_line_tax'>
			<where>
				line_id = <old>id</old>
			</where>
		</delete>

        <when>
            <expr>
                (<old>price_total</old> != 0 OR <old>price_subtotal</old> != 0 ) OR
                (<old>product_qty</old>  = 0 OR <old>price_unit</old> = 0)
            </expr>
            <then>

                <!-- ============================================================================= -->
                <!--  Procedure of total calculations for document   						       -->
                <!-- ============================================================================= -->
                <execute-procedure name='update_amount_sale_order'>
                    <in>
                        <arg><old>order_id</old></arg>
                        <arg><old>id</old></arg>
                        <arg>0</arg>
                        <arg>0</arg>
                    </in>
                </execute-procedure>

                <!-- ============================================================================= -->
                <!-- Calculamos los impuestos de cabecera	                				       -->
                <!-- ============================================================================= -->
                <execute-procedure name='sale_order_calculate_tax'>
                    <in>
                        <arg><old>order_id</old></arg>
                    </in>
                </execute-procedure>

            </then>
        </when>


		<!-- ============================================================================= -->
        <!--  Procedure for maintaining header weight  						     		   -->
        <!-- ============================================================================= -->
        <execute-procedure name='update_weight_head_order'>
            <in>
                <arg><old>order_id</old></arg>
            </in>
        </execute-procedure>

		<!-- ============================================================================= -->
        <!-- El estado de las lineas para actualizar la cabecera						   -->
        <!-- ============================================================================= -->
		<execute-procedure name='status_sale_order'>
            <in>
                <arg><old>order_id</old></arg>
            </in>
        </execute-procedure>

    </foreach-row>
        
</xsql-trigger>