<!-- ======================================================================= -->
<!--                                                                         -->
<!--  TRIGGER: erp_sl_order_line_ins                                           -->
<!--                                                                         -->
<!--                                                                         -->
<!--  ACTIONS                                                                -->
<!--  ===============                                                        -->
<!--  Updates total document amounts                                         -->
<!--                                                                         -->
<!-- ======================================================================= -->
<xsql-trigger 
    name="erp_sl_order_line_ins" 
    table="erp_sl_order_line" 
    event="insert">
    
    <foreach-row>
        
       	<!-- ============================================================================= -->
        <!-- Calculamos los impuestos de la linea y traemos los totales  			       -->
        <!-- ============================================================================= -->
        <execute-procedure name='sale_order_line_get_tax_rule'>
            <in>
                <arg><new>id</new></arg>
            </in>
            <out>
                <var name='NEW.price_subtotal' />
                <var name='NEW.price_total' />
            </out>
        </execute-procedure>

        <!-- ============================================================================= -->
        <!--  Procedure of total calculations for document   						       -->
        <!-- ============================================================================= -->
        <execute-procedure name='update_amount_sale_order'>
            <in>
                <arg><new>order_id</new></arg>
                <arg><new>id</new></arg>
                <arg><new>price_total</new></arg>
                <arg><new>price_subtotal</new></arg>
            </in>
        </execute-procedure>

        <!-- ============================================================================= -->
        <!-- Calculamos los impuestos de cabecera una vez agregados los impuestos de linea -->
        <!-- ============================================================================= -->
        <execute-procedure name='sale_order_calculate_tax'>
            <in>
                <arg><new>order_id</new></arg>
            </in>
        </execute-procedure>

		<!-- ============================================================================= -->
        <!--  Procedure for maintaining header weight  						     		   -->
        <!-- ============================================================================= -->
        <execute-procedure name='update_weight_head_order'>
            <in>
                <arg><new>order_id</new></arg>
            </in>
        </execute-procedure>

		<!-- ============================================================================= -->
        <!-- El estado de las lineas para actualizar la cabecera						   -->
        <!-- ============================================================================= -->
		<execute-procedure name='status_sale_order'>
            <in>
                <arg><new>order_id</new></arg>
            </in>
        </execute-procedure>

		<!-- ============================================================================= -->
        <!--  Obtains shipping method based on type of detail according to template	       -->
        <!-- ============================================================================= -->
        <execute-function name='get_delivered_method' into='NEW.qty_delivered_method'>
            <arg><new>product_id</new></arg>
        </execute-function>
        
    </foreach-row>
        
</xsql-trigger>