<!-- ======================================================================= -->
<!--                                                                         -->
<!--  TRIGGER: erp_sl_order_line_tax_upd                                 -->
<!--                                                                         -->
<!--                                                                         -->
<!--  ACTIONS                                                                -->
<!--  ===============                                                        -->
<!--                                                                         -->
<!-- ======================================================================= -->
<xsql-trigger 
    name="erp_sl_order_line_tax_upd" 
    table="erp_sl_order_line_tax" 
    event="update">
    
    <foreach-row>

        <!-- ================================================================== -->
        <!-- Si el cambio es solo del modo de manipulacion, no se debe ejecutar -->
        <!-- los calculos de impuestos                                          -->
        <!-- ================================================================== -->
        <when>
            <expr>
                <old>tax_manual</old> = <new>tax_manual</new> AND
                (<new>tax_base_amount</new> != <old>tax_base_amount</old> OR 
                 <new>tax_id</new>          != <old>tax_id</old>)
            </expr>
            <then>
                <execute-function name='calculate_tax_amount' into='NEW.tax_amount'>
                    <arg><new>tax_id</new></arg>
                    <arg><new>tax_base_amount</new></arg>
                </execute-function>
            </then>
        </when>

        <when>
            <expr>
                <new>tax_manual</new> = 1 AND 
                (<old>tax_manual</old> = <new>tax_manual</new>)
            </expr>
            <then>

                <!-- ================================================================== -->
                <!-- Actualizamos los nuevos totales de la cabecera                     -->
                <!-- ================================================================== -->                
                <update table='erp_sl_order_line'>
                    <column name='price_total'>
                        price_total + (<new>tax_amount</new> - <old>tax_amount</old>)
                    </column>
                    <where>
                        id = <new>line_id</new>
                    </where>
                </update>

            </then>
        </when>

        <when>
            <expr>
                (
                    <new>tax_amount</new> != <old>tax_amount</old>
                ) AND
                (
                    <new>tax_id</new> = <old>tax_id</old> AND
                    <new>tax_base_amount</new> = <old>tax_base_amount</old>
                )
            </expr>
            <then>
                <!-- ================================================================== -->
                <!-- Actualizamos el total del impuesto de cabecera con Tax Manual en 0 -->
                <!-- para actualizarlo en el siguiente punto                            -->
                <!-- ================================================================== -->
                <!-- <update table='erp_sl_order_tax'>
                    <column name='tax_manual'>0</column>
                    <column name='tax_amount'>
                        tax_amount + (<new>tax_amount</new> - <old>tax_amount</old>)
                    </column>
                    <where>
                        tax_id = <new>tax_id</new>
                    </where>
                </update> -->

				<execute-procedure name='update_amount_sale_order'>
                    <in>
                        <arg><new>order_id</new></arg>
                        <arg>NULL</arg>
                        <arg>NULL</arg>
                        <arg>NULL</arg>
                    </in>
                </execute-procedure>

            </then>
        </when>

    </foreach-row>
        
</xsql-trigger>