<!-- ======================================================================= -->
<!--                                                                         -->
<!--  TRIGGER: erp_ac_root_del                                              -->
<!--                                                                         -->
<!--  CONTROLS                                                               -->
<!--  ===============                                                        -->
<!--  Validates that there is no level or account associated with the        -->
<!--  deleted level.                                                         -->
<!-- ======================================================================= -->
<xsql-trigger 
    name="erp_ac_root_del" 
    table="erp_ac_root" 
    event="delete"
	time="after">
    
    <foreach-row>
		
		<when>
			<expr>

				<!-- =============================================================== -->
				<!-- We look for a level associated to the level we are eliminating. -->
				<!-- =============================================================== -->
				<select>
					<columns>
						COUNT(*)
					</columns>
					<from table='erp_ac_root'/>
					<where>
						SUBSTR(code, 1, LENGTH(<old>code</old>)) = <old>code</old>
					</where>
				</select> &gt; 1
	
				OR

				<!-- ================================================================= -->
				<!-- We look for an account associated with the level we are deleting. -->
				<!-- ================================================================= -->
				<select>
					<columns>
						COUNT(*)
					</columns>
					<from table='erp_ac_account'/>
					<where>
						SUBSTR(code, 1, LENGTH(<old>code</old>)) = <old>code</old>
					</where>
				</select> &gt; 1

			</expr>

			<then>
				<execute-procedure name='sdm_raise_msg'>
					<in>
						<arg>0</arg>
						<arg>'This level cannot be deleted, it has associated accounts'</arg>
					</in>
				</execute-procedure>
			</then>
		</when>
		
        
    </foreach-row>
        
</xsql-trigger>