<!-- ======================================================================= -->
<!--                                                                         -->
<!--  TRIGGER: erp_md_partner_upd                                               -->
<!--                                                                         -->
<!--                                                                         -->
<!--  ACTIONS                                                                -->
<!--  ===============                                                        -->
<!--  1.- Update partner contact and address records						 -->
<!--                                                                         -->
<!-- ======================================================================= -->

<!-- WARNING: THIS TRIGGER IS DUPLICATED. THIS ONE IS USED FOR INFORMIX ENGINES BUT THERE ALSO EXISTS 2 	-->
<!-- MORE TRIGGERS (ONE BEFORE AND ONE AFTER) FOR OTHER EGINES												-->
<xsql-trigger 
    name="erp_md_partner_upd" 
    table="erp_md_partner" 
    event="update">
	
	<foreach-row>
		<if-condition value="engine == 'informix'">
			
			<!-- ======================================================================= -->
			<!-- Update partner address in erp_md_partner_address                           -->
			<!-- ======================================================================= -->
			<when>
				<expr>
						<old>street1</old>      != <new>street1</new>
					OR 	<old>street2</old>      != <new>street2</new>
					OR 	<old>zip</old>          != <new>zip</new>
					OR 	<old>city</old>         != <new>city</new>
					OR 	<old>state</old>        != <new>state</new>
					OR 	<old>country_id</old>   != <new>country_id</new>
					OR 	<old>tax_zone</old>     != <new>tax_zone</new>
				</expr>
				<then>
					<update table='erp_md_partner_address'>
						<column name='type'>'M'</column>
						<column name='street1'><new>street1</new></column>
						<column name='street2'><new>street2</new></column>
						<column name='zip'><new>zip</new></column>
						<column name='city'><new>city</new></column>
						<column name='state'><new>state</new></column>
						<column name='country_id'><new>country_id</new></column>
						<column name='tax_zone'><new>tax_zone</new></column>
						<column name='user_updated'><new>user_updated</new></column>
						<column name='date_updated'><new>date_updated</new></column>
						<where>
							erp_md_partner_address.partner_id = <old>id</old>
							AND type='M'	
						</where>
					</update>
				</then>
			</when>

			<!-- Synchronize -->
			<when>
				<expr>
					<old>app_date_sync</old> = <new>app_date_sync</new>
				</expr>
				<then>
					<execute-function name='sdm_set_value' into='NEW.app_date_sync'>
						<arg><cast type='char'>NULL</cast></arg>
					</execute-function>
				</then>
			</when>

			<!-- ======================================================================= -->
			<!-- The contact information can only be edited from the contact table       -->
			<!-- ======================================================================= -->
			<!--<when>
				<expr>
						<old>position</old>     != <new>position</new>
					OR 	<old>contact_name</old> != <new>contact_name</new>
					OR 	<old>phone</old>        != <new>phone</new>
					OR 	<old>mobile</old>       != <new>mobile</new>
					OR 	<old>email</old>        != <new>email</new>
					OR 	<old>website</old>      != <new>website</new>
					OR 	<old>lang</old>         != <new>lang</new>
					OR 	<old>linkedin</old>     != <new>linkedin</new>
					OR 	<old>instagram</old>    != <new>instagram</new>
					OR 	<old>facebook</old>     != <new>facebook</new>
					OR 	<old>twitter</old>      != <new>twitter</new>
				</expr>
				<then>
					<execute-procedure name='update_partner_contact'>	
						<in>
							<arg><new>position</new></arg>
							<arg><new>contact_name</new></arg>
							<arg><new>phone</new></arg>
							<arg><new>mobile</new></arg>
							<arg><new>email</new></arg>
							<arg><new>website</new></arg>
							<arg><new>lang</new></arg>
							<arg><new>linkedin</new></arg>
							<arg><new>instagram</new></arg>
							<arg><new>facebook</new></arg>
							<arg><new>twitter</new></arg>
							<arg><new>user_updated</new></arg>
							<arg><new>date_updated</new></arg>
							<arg><old>id</old></arg>
						</in>
					</execute-procedure>
				</then>
			</when>-->
		</if-condition>

		<if-condition value="engine != 'informix'">
			<when>
				<expr>1=0</expr>
				<then>
					<execute-procedure name='sdm_raise_msg'>
						<in>
							<arg>0</arg>
							<arg>'Trigger empty for non INFORMIX'</arg>
						</in>
					</execute-procedure>
				</then>
			</when>
		</if-condition>

    </foreach-row>

</xsql-trigger>