<!-- ======================================================================= -->
<!--                                                                         -->
<!--  TRIGGER: erp_md_partner_address_ins                                       -->
<!--                                                                         -->
<!--                                                                         -->
<!--                                                                         -->
<!--  CONTROLS                                                               -->
<!--  ===============                                                        -->
<!--                                                                         -->
<!--                                                                         -->
<!--                                                                         -->
<!--  ACTIONS                                                                -->
<!--  ===============                                                        -->
<!--                                                                         -->
<!--                                                                         -->
<!-- ======================================================================= -->
<xsql-trigger 
    name="erp_md_partner_address_ins" 
    table="erp_md_partner_address" 
    event="insert"
	time="before">
    
    <foreach-row>
        
       <when>
			<expr>
				<select>
					<columns>
						COUNT(*)
					</columns>
					<from table='erp_md_partner_address'/>
					<where>
							partner_id = <new>partner_id</new>
						AND type = 'M'
					</where>
				</select> &gt; 1
			</expr>
			<then>
				<execute-procedure name='sdm_raise_msg'>
					<in>
						<arg>0</arg>
						<arg>'No se puede registrar más de una direccion fiscal'</arg>
					</in>
				</execute-procedure>
			</then>
		</when>
        
    </foreach-row>
        
</xsql-trigger>