<!-- ======================================================================= -->
<!--                                                                         -->
<!--  TRIGGER: erp_pu_request_tax_upd                                      -->
<!--                                                                         -->
<!--                                                                         -->
<!--  ACTIONS                                                                -->
<!--  ===============                                                        -->
<!--                                                                         -->
<!-- ======================================================================= -->

<!-- WARNING: THIS TRIGGER IS DUPLICATED. THIS ONE IS USED FOR INFORMIX ENGINES BUT THERE ALSO EXISTS 2 	-->
<!-- MORE TRIGGERS (ONE BEFORE AND ONE AFTER) FOR OTHER EGINES												-->
<xsql-trigger 
    name="erp_pu_request_tax_upd" 
    table="erp_pu_request_tax" 
    event="update">
    
    <foreach-row>

        <if-condition value="engine == 'informix'">
            <when>
                <expr>
                    <old>tax_manual</old> = <new>tax_manual</new> AND
                    (<new>tax_base_amount</new> != <old>tax_base_amount</old> OR 
                    <new>tax_id</new>          != <old>tax_id</old>)
                </expr>
                <then>
                    <execute-function name='calculate_tax_amount' into='NEW.tax_amount'>
                        <arg><new>tax_id</new></arg>
                        <arg><new>tax_base_amount</new></arg>
                    </execute-function>
                </then>
            </when>

            <when>
                <expr>
                    <new>tax_manual</new> = 1 AND 
                    (<old>tax_manual</old> = <new>tax_manual</new>)
                </expr>
                <then>

                    <!-- ================================================================== -->
                    <!-- Actualizamos el total de la factura                                -->
                    <!-- ================================================================== -->
                    <update table='erp_pu_request'>
                        <column name='amount_total'>
                            amount_total - <old>tax_amount</old> + <new>tax_amount</new>
                        </column>
                        <column name='amount_tax'>
                            amount_tax - <old>tax_amount</old> + <new>tax_amount</new>
                        </column>
                        <where>
                            id = <new>request_id</new>
                        </where>
                    </update>

                </then>
            </when>
        </if-condition>

        <if-condition value="engine != 'informix'">
            <when>
                <expr>1=0</expr>
                <then>
                    <execute-procedure name='sdm_raise_msg'>
                        <in>
                            <arg>0</arg>
                            <arg>'Trigger emty for POSTGRES'</arg>
                        </in>
                    </execute-procedure>
                </then>
            </when>
        </if-condition>


       
    </foreach-row>
        
</xsql-trigger>