<!-- ======================================================================= -->
<!--                                                                         -->
<!--  TRIGGER: erp_pu_order_line_tax_ins                                     -->
<!--                                                                         -->
<!--                                                                         -->
<!--  ACTIONS                                                                -->
<!--  ===============                                                        -->
<!--                                                                         -->
<!-- ======================================================================= -->

<!-- WARNING: THIS TRIGGER IS DUPLICATED. THIS ONE IS USED FOR INFORMIX ENGINES BUT THERE ALSO EXISTS 2 	-->
<!-- MORE TRIGGERS (ONE BEFORE AND ONE AFTER) FOR OTHER EGINES												-->

<xsql-trigger 
    name="erp_pu_order_line_tax_ins" 
    table="erp_pu_order_line_tax" 
    event="insert">
    
    <foreach-row>

        <if-condition value="engine == 'informix'">
            <when>
                <expr>
                    <new>tax_amount</new> = 0
                </expr>
                <then>
                    <execute-function name='calculate_tax_amount' into='NEW.tax_amount'>
                        <arg><new>tax_id</new></arg>
                        <arg><new>tax_base_amount</new></arg>
                    </execute-function>
                </then>
            </when>

            <!-- ============================================================= -->
            <!-- Si la linea es insertada manualmente se hacen los calculos    -->
            <!-- si el impuesto es agregado por el calculo, no se calculan     -->
            <!-- ============================================================= -->
            <when>
                <expr>
                    <new>tax_manual</new> = 1
                </expr>
                <then>

                    <!-- ============================================================= -->
                    <!-- Cuando se inserta un nuevo impuesto debemos calcular el total -->
                    <!-- de la linea                                                   -->
                    <!-- ============================================================= -->
                    <update table='erp_pu_order_line'>
                        <column name='price_total'>
                            price_total + <new>tax_amount</new>
                        </column>
                        <where>
                            id = <new>line_id</new>
                        </where>
                    </update>

                </then>
            </when>
        </if-condition>

        <if-condition value="engine != 'informix'">
            <when>
                <expr>1=0</expr>
                <then>
                    <execute-procedure name='sdm_raise_msg'>
                        <in>
                            <arg>0</arg>
                            <arg>'Trigger emty for INFORMIX'</arg>
                        </in>
                    </execute-procedure>
                </then>
            </when>
        </if-condition>

    </foreach-row>
        
</xsql-trigger>