<!-- ======================================================================= -->
<!--                                                                         -->
<!--  TRIGGER: erp_ac_move_line_ins                                         -->
<!--                                                                         -->
<!--  ACTIONS                                                                -->
<!--  ===============                                                        -->
<!--  Calculate the sum of the debit minus the sum of the credit to 		 -->
<!--  calculate the balance of the entry.                                    -->
<!--                                                                         -->
<!-- ======================================================================= -->
<xsql-trigger 
    name="erp_ac_move_line_ins" 
    table="erp_ac_move_line" 
    event="insert"
    time="before">
    
    <foreach-row>
        <update table='erp_ac_move'>
            <column name = 'balance_amounts'>
                <nvl>balance_amounts, 0</nvl> + 
                (<nvl><new>debit</new>, 0</nvl> - <nvl><new>credit</new>, 0</nvl>)
            </column>
            <where>
                id = <new>move_id</new>
            </where>
        </update>

        <execute-function name='get_ac_move_entry_id' into='NEW.entry_id'>
            <arg><new>move_id</new></arg>
        </execute-function>
    
    </foreach-row>
        
</xsql-trigger>