<!-- ======================================================================= -->
<!--                                                                         -->
<!--  TRIGGER: TRIGGER_CODE                                                  -->
<!--                                                                         -->
<!--                                                                         -->
<!--                                                                         -->
<!--  CONTROLS                                                               -->
<!--  ===============                                                        -->
<!--                                                                         -->
<!--                                                                         -->
<!--                                                                         -->
<!--  ACTIONS                                                                -->
<!--  ===============                                                        -->
<!--                                                                         -->
<!--                                                                         -->
<!-- ======================================================================= -->

<!-- WARNING: THIS TRIGGER IS DUPLICATED. THIS ONE IS USED FOR INFORMIX ENGINES BUT THERE ALSO EXISTS 2 	-->
<!-- MORE TRIGGERS (ONE BEFORE AND ONE AFTER) FOR OTHER EGINES												-->
<xsql-trigger 
    name="erp_md_user_upd" 
    table="erp_md_user" 
    event="update">
    
    <foreach-row>
		<if-condition value="engine == 'informix'">
			<when>
				<expr>
					(<select>
						<columns>COUNT(*)</columns>
						<from table='erp_md_user' />
					</select>) = 1
					AND <new>user_role</new> != 1
				</expr>
				<then>
					<execute-procedure name='sdm_raise_msg'>
						<in>
							<arg>0</arg>
							<arg>'El sistema debe tener un usuario administrador'</arg>
						</in>
					</execute-procedure>
				</then>
			</when>

			<!-- Synchronize with other apps -->
			<when>
				<expr>
					<old>app_date_sync</old> = <new>app_date_sync</new>
				</expr>
				<then>
					<execute-function name='sdm_set_value' into='NEW.app_date_sync'>
						<arg><cast type='char'>NULL</cast></arg>
					</execute-function>
				</then>
			</when>
		</if-condition>

		<if-condition value="engine != 'informix'">
            <when>
                <expr>1=0</expr>
                <then>
                    <execute-procedure name='sdm_raise_msg'>
                        <in>
                            <arg>0</arg>
                            <arg>'Trigger emty for INFORMIX'</arg>
                        </in>
                    </execute-procedure>
                </then>
            </when>
        </if-condition>
        
    </foreach-row>
        
</xsql-trigger>