<!-- ======================================================================= -->
<!--                                                                         -->
<!--  TRIGGER: erp_sl_order_line_upd                                          -->
<!--                                                                         -->
<!--                                                                         -->
<!--  ACTIONS                                                                -->
<!--  ===============                                                        -->
<!--  1.- Maintains total amounts for document                               -->
<!--                                                                         -->
<!-- ======================================================================= -->

<!-- WARNING: THIS TRIGGER IS DUPLICATED. THIS ONE IS USED FOR INFORMIX ENGINES BUT THERE ALSO EXISTS 2 	-->
<!-- MORE TRIGGERS (ONE BEFORE AND ONE AFTER) FOR OTHER EGINES												-->

<xsql-trigger 
    name="erp_sl_order_line_upd" 
    table="erp_sl_order_line" 
    event="update">
    
    <foreach-row>
        <if-condition value="engine == 'informix'">
            <!-- ============================================================================= -->
            <!-- Cuando actualizamos los valores de producto, cantidad, precio o descuento se  -->
            <!-- deben calcular los impuestos de linea nuevamente    						   -->
            <!-- ============================================================================= -->
            <when>
                <expr>
                    (   <new>product_id</new>   != <old>product_id</old>   OR 
                        <new>product_qty</new>  != <old>product_qty</old>  OR 
                        <new>product_uom</new>  != <old>product_uom</old>  OR 
                        <new>price_unit</new>   != <old>price_unit</old>   OR 
                        <new>price_total</new>  != <old>price_total</old>  OR 
                        <nvl><new>discount</new>  , -1</nvl>  != <nvl><old>discount</old>  , -1</nvl>
                    ) AND (
                        (<new>price_total</new> != 0  OR <new>price_subtotal</new> != 0 OR 
                        <new>price_unit</new>  != -1 OR <new>product_qty</new>    != -1 )
                    )
                </expr>
                <then>

                    <execute-procedure name='sale_order_line_get_tax_rule'>
                        <in>
                            <arg><new>id</new></arg>
                        </in>
                        <out>
                            <var name='NEW.price_subtotal' />
                            <var name='NEW.price_total' />
                        </out>
                    </execute-procedure>

                </then>
            </when>

            <when>
                <expr>
                    (
                        <new>price_total</new> != 0  OR <new>price_subtotal</new> != 0 OR 
                        <new>price_unit</new>  != -1 OR <new>product_qty</new>    != -1 
                    ) AND 
                    (
                        <new>price_total</new> != <old>price_total</old>
                    )
                </expr>
                <then>

                    <!-- ============================================================================= -->
                    <!--  Procedure of total calculations for document   						       -->
                    <!-- ============================================================================= -->
                    <execute-procedure name='update_amount_sale_order'>
                        <in>
                            <arg><new>order_id</new></arg>
                            <arg><new>id</new></arg>
                            <arg><new>price_total</new></arg>
                            <arg><new>price_subtotal</new></arg>
                        </in>
                    </execute-procedure>

                    <!-- ============================================================================= -->
                    <!-- Volvemos a calcular los impuestos de cabecera 						           -->
                    <!-- ============================================================================= -->
                    <execute-procedure name='sale_order_calculate_tax'>
                        <in>
                            <arg><new>order_id</new></arg>
                        </in>
                    </execute-procedure>

                </then>
            </when>

            <!-- ============================================================================= -->
            <!--  Procedure for maintaining header weight  						     		   -->
            <!-- ============================================================================= -->
            <execute-procedure name='update_weight_head_order'>
                <in>
                    <arg><new>order_id</new></arg>
                </in>
            </execute-procedure>

            <!-- ============================================================================= -->
            <!-- Set invoice_status                								               -->
            <!-- ============================================================================= -->

            <execute-function name='set_sale_line_invoice_status' into='NEW.invoice_status'>
                <arg><new>id</new></arg>
                <arg><new>product_id</new></arg>
                <arg><new>product_qty</new></arg>
                <arg><new>qty_invoiced</new></arg>
            </execute-function>

            <!-- ============================================================================= -->
            <!-- El estado de las lineas para actualizar la cabecera						   -->
            <!-- ============================================================================= -->
            <execute-procedure name='status_sale_order'>
                <in>
                    <arg><new>order_id</new></arg>
                </in>
            </execute-procedure>
        </if-condition>

        <if-condition value="engine != 'informix'">
            <when>
                <expr>1=0</expr>
                <then>
                    <execute-procedure name='sdm_raise_msg'>
                        <in>
                            <arg>0</arg>
                            <arg>'Trigger emty for INFORMIX'</arg>
                        </in>
                    </execute-procedure>
                </then>
            </when>
        </if-condition>
        
    </foreach-row>
        
</xsql-trigger>