<!-- ======================================================================= -->
<!--                                                                         -->
<!--  TRIGGER: erp_mfg_production_ins                                        -->
<!--                                                                         -->
<!--                                                                         -->
<!--  ACTION                                                                 -->
<!--  ===============                                                        -->
<!--  1. Call the function get_gen_sequence to generate document's docser 	 -->
<!--  2. Call procedures that inserts the lines according to the list 	     -->
<!--  3. Call the function to calculate the end date                         -->
<!--                                                                         -->
<!-- ======================================================================= -->

<!-- WARNING: THIS TRIGGER IS DUPLICATED. THIS ONE IS USED FOR INFORMIX ENGINES BUT THERE ALSO EXISTS 2 	-->
<!-- MORE TRIGGERS (ONE BEFORE AND ONE AFTER) FOR OTHER EGINES												-->
<xsql-trigger
    name='erp_mfg_production_ins'
    table='erp_mfg_production'
    event='insert'>

    <foreach-row>
        <if-condition value="engine == 'informix'">
            <!-- ============================================================================= -->
            <!--  Function that returns serialized document									   -->
            <!-- ============================================================================= -->
            <execute-function name='get_gen_sequence' into='NEW.doc_number'>
                <arg><to_char>'erp_mfg_production'</to_char></arg>
                <arg><to_integer><new>company_id</new></to_integer></arg>
                <arg><to_integer>NULL</to_integer></arg>
                <arg><to_date><new>date_start</new></to_date></arg>
            </execute-function>

            <!-- ============================================================ -->
            <!-- Insert lines according to the selected list of materials     -->
            <!-- ============================================================ --> 
            <execute-procedure name='ins_lines_mfg_workorder'>
                <in>
                    <arg><new>id</new></arg>
                    <arg><new>company_id</new></arg>
                    <arg><new>product_id</new></arg>
                    <arg><new>product_qty</new></arg>
                    <arg><new>product_uom_id</new></arg>
                    <arg><new>bom_id</new></arg>
                    <arg><new>user_updated</new></arg>
                </in>
            </execute-procedure>

            <!-- ================================================================ -->
            <!-- Insert components according to the selected bill of materials    -->
            <!-- ================================================================ --> 
            <execute-procedure name='ins_move_mfg_production'>
                <in>
                    <arg><new>id</new></arg>
                    <arg><new>bom_id</new></arg>
                    <arg><new>user_updated</new></arg>
                    <arg><new>location_src_id</new></arg>
                    <arg><new>location_dest_id</new></arg>
                    <arg><new>picking_type_id</new></arg>
                    <arg><new>origin_id</new></arg>
                    <arg><new>company_id</new></arg>
                    <arg><new>doc_number</new></arg>
                    <arg><new>product_qty</new></arg>
                    <arg><new>product_uom_id</new></arg>
                    <arg><new>product_id</new></arg>
                </in>
            </execute-procedure>

            <!-- ================================================================ -->
            <!-- Calculate the completion date according to the work order time   -->
            <!-- ================================================================ --> 
            <execute-function name='calc_duration_mfg_production' into='NEW.date_finished'>
                <arg><new>id</new></arg>
                <arg><new>product_qty</new></arg>
                <arg><new>product_uom_id</new></arg>
                <arg><new>date_start</new></arg>
                <arg><new>bom_id</new></arg>
            </execute-function>
        </if-condition>

        <if-condition value="engine != 'informix'">
            <when>
                <expr>1=0</expr>
                <then>
                    <execute-procedure name='sdm_raise_msg'>
                        <in>
                            <arg>0</arg>
                            <arg>'Trigger emty for POSTGRES'</arg>
                        </in>
                    </execute-procedure>
                </then>
            </when>
        </if-condition>

    </foreach-row>

</xsql-trigger>